,"Adams, IN__US",Afghanistan,Alabama__US,"Alachua, FL__US","Alameda County, CA__US",Alaska__US,Albania,Alberta__Canada,Algeria,Andorra,Anhui__China,"Anoka, MN__US",Antigua and Barbuda,"Arapahoe, CO__US",Argentina,Arizona__US,Arkansas__US,"Arlington, VA__US",Armenia,Aruba__Netherlands,Australian Capital Territory__Australia,Austria,Azerbaijan,"Bahamas, The",Bahrain,Bangladesh,Barbados,"Beadle, SD__US",Beijing__China,Belarus,Belgium,Benin,"Bennington County, VT__US","Bergen County, NJ__US","Berkshire County, MA__US",Bermuda__United Kingdom,"Bernalillo, NM__US",Bhutan,Bolivia,"Bon Homme, SD__US","Boone, IN__US",Bosnia and Herzegovina,Brazil,British Columbia__Canada,"Broward County, FL__US",Brunei,"Bucks, PA__US",Bulgaria,Burkina Faso,"Burlington, NJ__US","Calaveras, CA__US",California__US,Cambodia,"Camden, NC__US","Camden, NJ__US",Cameroon,"Carver County, MN__US",Cayman Islands__United Kingdom,Central African Republic,Chad,Channel Islands__United Kingdom,"Charles Mix, SD__US","Charleston County, SC__US","Charlotte County, FL__US","Charlton, GA__US","Chatham County, NC__US","Cherokee County, GA__US",Chile,Chongqing__China,"Clark County, NV__US","Clark County, WA__US","Cobb County, GA__US","Collier, FL__US","Collin County, TX__US",Colombia,Colorado__US,Congo (Brazzaville),Congo (Kinshasa),Connecticut__US,"Contra Costa County, CA__US","Cook County, IL__US",Costa Rica,Cote d'Ivoire,Croatia,Cuba,Curacao__Netherlands,"Cuyahoga, OH__US",Cyprus,Czechia,"Dallas, TX__US","Dane, WI__US","Davidson County, TN__US","Davis County, UT__US","Davison, SD__US","DeKalb, GA__US","Delaware County, PA__US",Delaware__US,Denmark__Denmark,"Denver County, CO__US","Deschutes, OR__US",Diamond Princess__Cruise Ship,Diamond Princess__US,District of Columbia__US,Djibouti,Dominican Republic,"Douglas County, CO__US","Douglas County, NE__US","Douglas County, OR__US","Eagle, CO__US",Ecuador,Egypt,"El Paso County, CO__US",El Salvador,Equatorial Guinea,"Essex, MA__US",Estonia,Eswatini,Ethiopia,"Fairfax County, VA__US","Fairfield, CT__US",Faroe Islands__Denmark,"Fayette County, KY__US","Fayette, GA__US",Fiji,Finland,Florida__US,"Floyd, GA__US","Fort Bend County, TX__US",France__France,French Guiana__France,French Polynesia__France,"Fresno County, CA__US",From Diamond Princess__Australia,Fujian__China,"Fulton County, GA__US",Gabon,"Gambia, The",Gansu__China,Georgia,Georgia__US,Germany,Ghana,Gibraltar__United Kingdom,"Grafton County, NH__US",Grand Princess__Canada,Grand Princess__US,"Grant County, WA__US",Greece,Greenland__Denmark,"Gregg, TX__US",Guadeloupe__France,Guam__US,Guangdong__China,Guangxi__China,Guatemala,Guinea,Guizhou__China,"Gunnison, CO__US",Guyana,"Gwinnett, GA__US",HaiChina,"Hanover, VA__US","Harford County, MD__US","Harris County, TX__US","Harrison County, KY__US",Hawaii__US,HeChina,Hebei__China,Heilongjiang__China,"Hendricks County, IN__US","Hillsborough, FL__US",Holy See,Honduras,Hong Kong__China,"Honolulu County, HI__US","Howard, IN__US",HuChina,Hubei__China,"Hudson County, NJ__US","Humboldt County, CA__US",Hungary,Iceland,Idaho__US,Illinois__US,India,Indiana__US,Indonesia,Inner Mongolia__China,Iowa__US,Iran,Iraq,Ireland,"Island, WA__US",Israel,Italy,"Jackson County, OR __US",Jamaica,Japan,"Jefferson County, KY__US","Jefferson County, WA__US","Jefferson Parish, LA__US","Jefferson, CO__US",Jiangsu__China,Jiangxi__China,Jilin__China,"Johnson County, IA__US","Johnson County, KS__US","Johnson, IN__US",Jordan,"Kane, IL__US",Kansas__US,Kazakhstan,Kentucky__US,Kenya,"Kershaw County, SC__US","King County, WA__US","Kitsap, WA__US","Kittitas County, WA__US","Klamath County, OR__US","Knox, NE__US","Korea, South",Kosovo,Kuwait,Kyrgyzstan,"Lake, IL__US","Lancaster, SC__US","Larimer, CO__US",Latvia,Lebanon,"Lee County, FL__US",Liaoning__China,Liberia,Liechtenstein,"Litchfield, CT__US",Lithuania,"Los Angeles, CA__US","Loudoun, VA__US",Louisiana__US,Luxembourg,Macau__China,"Madera County, CA__US",Maine__US,Malaysia,Maldives,Malta,"Manatee County, FL__US",Manitoba__Canada,"Maricopa County, AZ__US","Marin, CA__US","Marion County, IN__US","Marion County, OR__US",Martinique,Maryland__US,Massachusetts__US,Mauritania,Mauritius,Mayotte__France,"McHenry, IL__US",Mexico,Michigan__US,"Middlesex County, MA__US","Middlesex, NJ__US","Minnehaha, SD__US",Minnesota__US,Mississippi__US,Missouri__US,Moldova,Monaco,Mongolia,"Monmouth, NJ__US","Monroe, PA__US",Montana__US,Montenegro,"Montgomery County, MD__US","Montgomery County, PA__US","Montgomery, TX__US",Montserrat__United Kingdom,Morocco,"Multnomah, OR__US",Namibia,"Napa, CA__US","Nassau County, NY__US","Nassau, FL__US",Nebraska__US,Nepal,Netherlands__Netherlands,Nevada__US,New Brunswick__Canada,New Caledonia__France,"New Castle, DE__US",New Hampshire__US,New Jersey__US,New Mexico__US,New South Wales__Australia,"New York County, NY__US",New York__US,New Zealand,Newfoundland and Labrador__Canada,Nicaragua,Nigeria,Ningxia__China,"Noble, IN__US","Norfolk County, MA__US","Norfolk, VA__US",North Carolina__US,North Dakota__US,North Macedonia,Northern Territory__Australia,Norway,Nova Scotia__Canada,"Oakland, MI__US",Ohio__US,"Okaloosa County, FL__US",Oklahoma__US,"Olmsted, MN__US",Oman,Ontario__Canada,"Orange County, CA__US",Oregon__US,"Orleans, LA__US",Pakistan,Panama,Paraguay,"Pasco, FL__US","Passaic, NJ__US","Pennington, SD__US",Pennsylvania__US,Peru,"Philadelphia, PA__US",Philippines,"Pierce County, WA__US","Pierce, WI__US","Pima, AZ__US","Pinal County, AZ__US","Pinellas, FL__US","Placer County, CA__US",Poland,"Polk County, GA__US","Polk, OR__US",Portugal,"Pottawattamie, IA__US",Prince Edward Island__Canada,"Prince George's, MD__US","Providence County, RI__US",Puerto Rico__US,Qatar,Qinghai__China,Quebec__Canada,Queensland__Australia,"Ramsey County, MN__US",Reunion__France,Rhode Island__US,"Riverside County, CA__US","Rockingham County, NH__US","Rockland County, NY__US",Romania,Russia,Rwanda,"Sacramento County, CA__US",Saint Barthelemy__France,Saint Lucia,Saint Vincent and the Grenadines,"San Benito, CA__US","San Diego County, CA__US","San Francisco County, CA__US","San Joaquin, CA__US",San Marino,"San Mateo, CA__US","Santa Clara County, CA__US","Santa Cruz, CA__US","Santa Rosa County, FL__US","Saratoga County, NY__US",Saskatchewan__Canada,Saudi Arabia,Senegal,Serbia,Seychelles,Shaanxi__China,Shandong__China,Shanghai__China,Shanxi__China,"Shasta County, CA__US","Shelby County, TN__US",Sichuan__China,Singapore,"Skagit, WA__US",Slovakia,Slovenia,"Snohomish County, WA__US","Socorro, NM__US","Solano, CA__US",Somalia,"Sonoma County, CA__US",South Africa,South Australia__Australia,South Carolina__US,South Dakota__US,Spain,"Spartanburg County, SC__US","Spotsylvania, VA__US",Sri Lanka,St Martin__France,"St. Joseph, IN__US","St. Louis County, MO__US","Stanislaus, CA__US","Stark, OH__US",Sudan,"Suffolk County, MA__US","Suffolk County, NY__US","Sullivan, TN__US","Summit County, CO__US","Summit, UT__US",Suriname,Sweden,Switzerland,Taiwan*,Tanzania,"Tarrant, TX__US",Tasmania__Australia,Tennessee__US,Texas__US,Thailand,"Thurston, WA__US",Tianjin__China,Tibet__China,Togo,Trinidad and Tobago,"Tulsa County, OK__US",Tunisia,Turkey,Ukraine,"Ulster County, NY__US","Umatilla, OR__US","Union, NJ__US",United Arab Emirates,United Kingdom__United Kingdom,Uruguay,Utah__US,Uzbekistan,Venezuela,"Ventura, CA__US",Vermont__US,Victoria__Australia,Vietnam,Virgin Islands__US,Virginia__US,"Volusia County, FL__US","Wake County, NC__US","Washington County, OR__US","Washington, D.C.__US",Washington__US,"Washoe County, NV__US","Wayne County, PA__US","Wayne, MI__US","Weber, UT__US",West Virginia__US,"Westchester County, NY__US",Western Australia__Australia,"Whatcom, WA__US","Williamson County, TN__US",Wisconsin__US,"Worcester, MA__US",Wyoming__US,Xinjiang__China,"Yolo County, CA__US",YunChina,Zambia,Zhejiang__China
2020-01-22,0,0,0,0,0,0,0,0,0,0,1,0,0,0,0,0,0,0,0,0,0,0,0,0,0,0,0,0,14,0,0,0,0,0,0,0,0,0,0,0,0,0,0,0,0,0,0,0,0,0,0,0,0,0,0,0,0,0,0,0,0,0,0,0,0,0,0,0,6,0,0,0,0,0,0,0,0,0,0,0,0,0,0,0,0,0,0,0,0,0,0,0,0,0,0,0,0,0,0,0,0,0,0,0,0,0,0,0,0,0,0,0,0,0,0,0,0,0,0,0,0,0,0,0,0,0,0,0,0,0,0,0,0,1,0,0,0,0,0,0,0,0,0,0,0,0,0,0,0,0,0,0,26,2,0,0,1,0,0,0,4,0,0,0,0,0,5,1,0,0,0,0,0,0,0,0,4,444,0,0,0,0,0,0,0,0,0,0,0,0,0,0,0,0,0,0,0,2,0,0,0,0,1,2,0,0,0,0,0,0,0,0,0,0,0,1,0,0,0,0,1,0,0,0,0,0,0,0,0,0,2,0,0,0,0,0,0,0,0,1,0,0,0,0,0,0,0,0,0,0,0,0,0,0,0,0,0,0,0,0,0,0,0,0,0,0,0,0,0,0,0,0,0,0,0,0,0,0,0,0,0,0,0,0,0,0,0,0,0,0,0,0,0,0,0,0,0,0,0,0,1,0,0,0,0,0,0,0,0,0,0,0,0,0,0,0,0,0,0,0,0,0,0,0,0,0,0,0,0,0,0,0,0,0,0,0,0,0,0,0,0,0,0,0,0,0,0,0,0,0,0,0,0,0,0,0,0,0,0,0,0,0,0,0,0,0,0,0,0,0,0,0,0,0,0,0,0,0,2,9,1,0,0,5,0,0,0,0,0,0,0,0,0,0,0,0,0,0,0,0,0,0,0,0,0,0,0,0,0,0,0,0,0,0,0,1,0,0,0,0,0,2,0,4,0,0,0,0,0,0,0,0,0,0,0,0,0,0,0,0,0,0,0,0,0,0,0,0,0,0,0,0,0,0,0,0,0,0,0,0,0,0,0,0,0,1,0,10
2020-01-23,0,0,0,0,0,0,0,0,0,0,9,0,0,0,0,0,0,0,0,0,0,0,0,0,0,0,0,0,22,0,0,0,0,0,0,0,0,0,0,0,0,0,0,0,0,0,0,0,0,0,0,0,0,0,0,0,0,0,0,0,0,0,0,0,0,0,0,0,9,0,0,0,0,0,0,0,0,0,0,0,0,0,0,0,0,0,0,0,0,0,0,0,0,0,0,0,0,0,0,0,0,0,0,0,0,0,0,0,0,0,0,0,0,0,0,0,0,0,0,0,0,0,0,0,0,0,0,0,0,0,0,0,0,5,0,0,0,2,0,0,0,0,0,0,0,0,0,0,0,0,0,0,32,5,0,0,3,0,0,0,5,0,0,0,0,0,5,1,2,0,0,0,0,2,0,0,9,444,0,0,0,0,0,0,0,0,0,0,0,0,0,0,0,0,0,0,0,1,0,0,0,0,5,7,1,0,0,0,0,0,0,0,0,0,0,1,0,0,0,0,1,0,0,0,0,0,0,0,0,0,3,0,0,0,0,0,0,0,0,2,0,0,0,0,0,0,0,0,0,0,0,0,0,0,0,0,0,0,0,0,0,0,0,0,0,0,0,0,0,0,0,0,0,0,0,0,0,0,0,0,0,0,0,0,0,0,0,0,0,0,0,0,0,0,0,0,0,0,0,0,1,0,0,0,0,0,0,0,0,0,0,0,0,0,0,0,0,0,0,0,0,0,0,0,0,0,0,0,0,0,0,0,0,0,0,0,0,0,0,0,0,0,0,0,0,0,0,0,0,0,0,0,0,0,0,0,0,0,0,0,0,0,0,0,0,0,0,0,0,0,0,0,0,0,0,0,0,3,6,16,1,0,0,8,1,0,0,0,0,0,0,0,0,0,0,0,0,0,0,0,0,0,0,0,0,0,0,0,0,0,0,0,0,0,0,1,0,0,0,0,0,3,0,4,0,0,0,0,0,0,0,0,0,0,0,0,0,0,0,0,0,0,0,2,0,0,0,0,0,0,0,0,0,0,0,0,0,0,0,0,0,0,0,2,0,2,0,27
2020-01-24,0,0,0,0,0,0,0,0,0,0,15,0,0,0,0,0,0,0,0,0,0,0,0,0,0,0,0,0,36,0,0,0,0,0,0,0,0,0,0,0,0,0,0,0,0,0,0,0,0,0,0,0,0,0,0,0,0,0,0,0,0,0,0,0,0,0,0,0,27,0,0,0,0,0,0,0,0,0,0,0,1,0,0,0,0,0,0,0,0,0,0,0,0,0,0,0,0,0,0,0,0,0,0,0,0,0,0,0,0,0,0,0,0,0,0,0,0,0,0,0,0,0,0,0,0,0,0,0,2,0,0,0,0,10,0,0,0,2,0,0,0,0,0,0,0,0,0,0,0,0,0,0,53,23,0,0,3,0,0,0,8,0,0,0,0,0,9,2,4,0,0,0,0,2,0,0,24,549,0,0,0,0,0,0,0,0,0,1,0,0,0,0,0,0,0,0,0,2,0,0,0,0,9,18,3,0,0,0,0,0,0,0,0,0,0,1,0,0,0,0,2,0,0,0,0,0,0,0,0,0,4,0,0,0,0,0,0,0,0,2,0,0,0,0,0,0,0,0,0,0,0,0,0,0,0,0,0,0,0,0,0,0,0,0,0,0,0,0,0,0,0,0,0,0,0,0,0,0,0,0,0,0,0,0,0,0,0,0,0,0,0,0,0,0,0,0,0,0,0,0,2,0,0,0,0,0,0,0,0,0,0,0,0,0,0,0,0,0,0,0,0,0,0,0,0,0,0,0,0,0,0,0,0,0,0,0,0,0,0,0,0,0,0,0,0,0,0,0,0,0,0,0,0,0,0,0,0,0,0,0,0,0,0,0,0,0,0,0,0,0,0,0,0,0,0,0,0,5,15,20,1,0,0,15,3,0,0,0,0,0,0,0,0,0,0,0,0,0,0,0,0,0,0,0,0,0,0,0,0,0,0,0,0,0,0,3,0,0,0,0,0,5,0,8,0,0,0,0,0,0,0,0,0,0,0,0,0,0,0,0,0,0,0,2,0,0,0,0,0,0,0,0,0,0,0,0,0,0,0,0,0,0,0,2,0,5,0,43
2020-01-25,0,0,0,0,0,0,0,0,0,0,39,0,0,0,0,0,0,0,0,0,0,0,0,0,0,0,0,0,41,0,0,0,0,0,0,0,0,0,0,0,0,0,0,0,0,0,0,0,0,0,0,0,0,0,0,0,0,0,0,0,0,0,0,0,0,0,0,0,57,0,0,0,0,0,0,0,0,0,0,0,1,0,0,0,0,0,0,0,0,0,0,0,0,0,0,0,0,0,0,0,0,0,0,0,0,0,0,0,0,0,0,0,0,0,0,0,0,0,0,0,0,0,0,0,0,0,0,0,3,0,0,0,0,18,0,0,0,4,0,0,0,0,0,0,0,0,0,0,0,0,0,0,78,23,0,0,4,0,0,0,19,0,0,0,0,0,32,8,9,0,0,0,0,5,0,0,43,761,0,0,0,0,0,0,0,0,0,7,0,0,0,0,0,0,0,0,0,2,0,0,0,0,18,18,4,0,0,0,0,0,0,0,0,0,0,1,0,0,0,0,2,0,0,0,0,0,0,0,0,0,17,0,0,0,0,0,0,0,0,2,0,0,3,0,0,0,0,0,0,0,0,0,0,0,0,0,0,0,0,0,0,0,0,0,0,0,0,0,0,0,0,0,0,0,0,0,0,0,0,0,0,0,0,0,1,0,0,0,0,0,0,0,0,0,0,0,0,0,0,0,3,0,0,0,0,0,0,0,0,0,0,0,0,0,0,0,0,0,0,0,0,0,0,0,0,0,0,0,0,0,0,0,0,0,0,0,0,0,0,0,0,0,0,0,0,0,1,0,0,0,0,0,0,0,0,0,0,0,0,0,0,0,0,0,0,0,0,0,0,0,0,0,0,0,0,0,0,15,27,33,6,0,0,28,3,0,0,0,0,0,0,0,0,0,0,0,0,0,0,0,0,0,0,0,0,0,0,0,0,0,0,0,0,0,0,3,0,0,0,0,0,7,0,10,0,0,0,0,0,0,0,0,0,0,0,0,0,0,0,0,0,0,0,2,0,0,0,0,0,0,0,0,0,0,0,0,0,0,0,0,0,0,0,3,0,11,0,62
2020-01-26,0,0,0,0,0,0,0,0,0,0,60,0,0,0,0,0,0,0,0,0,0,0,0,0,0,0,0,0,68,0,0,0,0,0,0,0,0,0,0,0,0,0,0,0,0,0,0,0,0,0,0,0,0,0,0,0,0,0,0,0,0,0,0,0,0,0,0,0,75,0,0,0,0,0,0,0,0,0,0,0,1,0,0,0,0,0,0,0,0,0,0,0,0,0,0,0,0,0,0,0,0,0,0,0,0,0,0,0,0,0,0,0,0,0,0,0,0,0,0,0,0,0,0,0,0,0,0,0,3,0,0,0,0,35,0,0,0,7,0,0,0,0,0,0,0,0,0,0,0,0,0,0,111,36,0,0,5,0,0,0,22,0,0,0,0,0,83,13,15,0,0,0,0,8,0,0,69,1058,0,0,0,0,0,0,0,0,0,7,0,0,0,0,0,0,0,0,0,4,0,0,0,0,33,36,4,0,0,0,0,0,0,0,0,0,0,1,0,0,0,0,3,0,0,0,0,0,0,0,0,0,21,0,0,0,0,1,0,0,0,5,0,0,4,0,0,0,0,1,0,0,0,0,0,0,0,0,0,0,0,0,0,0,0,0,0,0,0,0,0,0,0,0,0,0,0,0,0,0,0,0,0,0,0,0,1,0,0,0,0,0,0,0,0,3,0,0,0,0,0,0,4,0,0,0,0,0,0,0,0,0,0,0,0,0,0,0,1,1,0,0,0,0,0,0,0,0,0,0,0,0,0,0,0,0,0,0,0,0,0,0,0,0,0,0,0,0,1,0,0,0,0,0,0,0,0,0,0,0,0,0,0,0,0,0,0,0,0,0,0,0,0,0,0,0,0,0,0,22,46,40,9,0,0,44,4,0,0,0,0,0,0,0,0,0,0,0,0,0,0,0,0,0,0,0,0,0,0,0,0,0,0,0,0,0,0,4,0,0,0,0,0,8,0,14,0,0,0,0,0,0,0,0,0,0,0,0,0,0,0,0,0,0,1,2,0,0,0,0,0,0,0,0,0,0,0,0,0,0,0,0,0,0,0,4,0,16,0,104
2020-01-27,0,0,0,0,0,0,0,0,0,0,70,0,0,0,0,0,0,0,0,0,0,0,0,0,0,0,0,0,80,0,0,0,0,0,0,0,0,0,0,0,0,0,0,0,0,0,0,0,0,0,0,0,1,0,0,0,0,0,0,0,0,0,0,0,0,0,0,0,110,0,0,0,0,0,0,0,0,0,0,0,1,0,0,0,0,0,0,0,0,0,0,0,0,0,0,0,0,0,0,0,0,0,0,0,0,0,0,0,0,0,0,0,0,0,0,0,0,0,0,0,0,0,0,0,0,0,0,0,3,0,0,0,0,59,0,0,0,14,0,0,1,0,0,0,0,0,0,0,0,0,0,0,151,46,0,0,7,0,0,0,33,0,0,0,0,0,128,18,21,0,0,0,0,8,0,0,100,1423,0,0,0,0,0,0,0,0,0,11,0,0,0,0,0,0,0,0,0,4,0,0,0,0,47,72,6,0,0,0,0,0,0,0,0,0,0,1,0,0,0,0,4,0,0,0,0,0,0,0,0,0,27,0,0,0,0,1,0,0,0,6,0,0,4,0,0,0,0,1,0,0,0,0,0,0,0,0,0,0,0,0,0,0,0,0,0,0,0,0,0,0,0,0,0,0,0,0,0,0,0,0,0,0,0,0,1,0,0,0,0,0,0,0,0,4,0,0,0,0,0,0,7,0,0,0,0,0,0,0,0,0,0,0,0,0,0,0,1,1,0,0,0,0,0,0,0,0,0,0,0,0,0,0,0,0,0,0,0,0,0,0,0,0,0,0,0,0,6,0,0,0,0,0,0,0,0,0,0,0,0,0,0,0,0,0,0,0,0,0,0,0,0,0,0,0,0,0,0,35,75,53,13,0,0,69,5,0,0,0,0,0,0,0,0,0,0,0,0,0,0,0,1,0,0,0,0,0,0,0,0,0,0,0,0,0,0,5,0,0,0,0,0,8,0,23,0,0,0,0,0,0,0,0,0,0,0,0,0,0,0,0,0,0,1,2,0,0,0,0,0,0,0,0,0,0,0,0,0,0,0,0,0,0,0,5,0,26,0,128
2020-01-28,0,0,0,0,0,0,0,0,0,0,106,0,0,0,0,0,0,0,0,0,0,0,0,0,0,0,0,0,91,0,0,0,0,0,0,0,0,0,0,0,0,0,0,1,0,0,0,0,0,0,0,0,1,0,0,0,0,0,0,0,0,0,0,0,0,0,0,0,132,0,0,0,0,0,0,0,0,0,0,0,1,0,0,0,0,0,0,0,0,0,0,0,0,0,0,0,0,0,0,0,0,0,0,0,0,0,0,0,0,0,0,0,0,0,0,0,0,0,0,0,0,0,0,0,0,0,0,0,4,0,0,0,0,80,0,0,0,19,0,0,4,0,0,0,0,0,0,0,0,0,0,0,207,51,0,0,9,0,0,0,40,0,0,0,0,0,168,33,33,0,0,0,0,8,0,0,143,3554,0,0,0,0,0,0,0,0,0,15,0,0,0,0,0,0,0,0,0,7,0,0,0,0,70,109,8,0,0,0,0,0,0,0,0,0,0,1,0,0,0,0,4,0,0,0,0,0,0,0,0,0,34,0,0,0,0,1,0,0,0,7,0,0,4,0,0,0,0,1,0,0,0,0,0,0,0,0,0,0,0,0,0,0,0,0,0,0,0,0,0,0,0,0,0,0,0,0,0,0,0,0,0,0,0,0,1,0,0,0,0,0,0,0,0,4,0,0,0,0,0,0,11,0,0,0,0,0,0,0,0,0,0,0,0,0,0,0,1,1,0,0,0,0,0,0,0,0,0,0,0,0,0,0,0,0,0,0,0,0,0,0,0,0,0,0,0,0,6,0,0,0,0,0,0,0,0,0,0,0,0,0,0,0,0,0,0,0,0,0,0,0,0,0,0,0,0,0,0,46,95,66,27,0,0,90,7,0,0,0,0,0,0,0,0,0,0,0,0,0,0,0,1,0,0,0,0,0,0,0,0,0,0,0,0,0,0,8,0,0,0,0,0,14,0,24,0,0,0,0,0,0,0,0,0,0,0,0,0,0,0,0,0,0,1,2,0,0,0,0,0,0,0,0,0,0,0,0,0,0,0,0,0,0,0,10,0,44,0,173
2020-01-29,0,0,0,0,0,0,0,0,0,0,152,0,0,0,0,0,0,0,0,0,0,0,0,0,0,0,0,0,111,0,0,0,0,0,0,0,0,0,0,0,0,0,0,1,0,0,0,0,0,0,0,0,1,0,0,0,0,0,0,0,0,0,0,0,0,0,0,0,147,0,0,0,0,0,0,0,0,0,0,0,1,0,0,0,0,0,0,0,0,0,0,0,0,0,0,0,0,0,0,0,0,0,0,0,0,0,0,0,0,0,0,0,0,0,0,0,0,0,0,0,0,0,0,0,1,0,0,0,5,0,0,0,0,84,0,0,0,24,0,0,4,0,0,0,0,0,0,0,0,0,0,0,277,58,0,0,9,0,0,0,43,0,0,0,0,0,206,48,38,0,0,0,0,10,0,0,221,3554,0,0,0,0,0,0,0,0,0,16,0,0,0,0,0,0,0,0,0,7,0,0,0,0,99,109,9,0,0,0,0,0,0,0,0,0,0,1,0,0,0,0,4,0,0,0,0,0,0,0,0,0,39,0,0,0,0,1,0,0,0,7,0,0,7,0,0,0,0,1,0,0,0,0,0,0,0,0,0,0,0,0,0,0,0,0,0,0,0,0,0,0,0,0,0,0,0,0,0,0,0,0,0,0,0,0,1,0,0,0,0,0,0,0,0,4,0,0,0,0,0,0,12,0,0,0,0,0,0,0,0,0,0,0,0,0,0,0,1,1,0,0,0,0,0,0,0,0,0,0,0,0,0,0,0,0,0,0,0,0,0,0,0,0,0,0,0,0,6,0,1,0,0,0,0,0,0,0,0,0,0,0,0,0,0,0,0,0,0,0,0,0,0,0,0,0,0,0,0,56,130,96,27,0,0,108,7,0,0,0,0,0,0,0,0,0,0,0,0,0,0,0,1,0,0,0,0,0,0,0,0,0,0,0,0,0,0,8,0,0,0,0,0,14,0,27,0,0,0,0,0,0,0,0,0,0,4,0,0,0,0,0,0,0,1,2,0,0,0,0,0,0,0,0,0,0,0,0,0,0,0,0,0,0,0,13,0,55,0,296
2020-01-30,0,0,0,0,0,0,0,0,0,0,200,0,0,0,0,0,0,0,0,0,0,0,0,0,0,0,0,0,114,0,0,0,0,0,0,0,0,0,0,0,0,0,0,1,0,0,0,0,0,0,0,0,1,0,0,0,0,0,0,0,0,0,0,0,0,0,0,0,182,0,0,0,0,0,0,0,0,0,0,0,1,0,0,0,0,0,0,0,0,0,0,0,0,0,0,0,0,0,0,0,0,0,0,0,0,0,0,0,0,0,0,0,0,0,0,0,0,0,0,0,0,0,0,0,1,0,0,0,5,0,0,0,0,101,0,0,0,26,0,0,4,0,0,0,0,0,0,0,0,0,0,0,354,78,0,0,12,0,0,0,46,0,0,0,0,0,278,65,44,0,0,0,0,10,0,0,277,4903,0,0,0,0,0,0,1,0,0,19,0,0,0,0,0,0,0,0,0,11,0,0,0,0,129,162,14,0,0,0,0,0,0,0,0,0,0,1,0,0,0,0,4,0,0,0,0,0,0,0,0,0,41,0,0,0,0,1,0,0,0,7,0,0,8,0,0,0,0,1,0,0,0,0,0,0,0,0,0,0,0,0,0,0,0,0,0,0,0,0,0,0,0,0,0,0,0,0,0,0,0,0,0,0,0,0,1,0,0,0,0,0,0,0,0,4,0,0,0,0,0,0,17,0,0,0,0,0,0,0,0,0,0,0,0,0,0,0,1,1,0,0,0,0,0,0,0,0,0,0,0,1,0,0,0,0,0,0,0,0,0,0,0,0,0,0,0,0,8,0,3,0,0,0,0,0,0,0,0,0,0,0,0,0,0,0,0,0,0,0,0,0,0,0,0,0,0,0,0,63,158,112,35,0,0,142,10,0,0,0,0,0,0,0,0,0,0,0,0,0,0,0,1,0,0,0,0,0,0,0,0,0,0,0,0,0,0,9,0,0,0,0,0,14,0,31,1,0,0,0,0,0,0,0,0,0,4,0,0,0,0,0,0,0,2,2,0,0,0,0,0,0,0,0,0,0,0,0,0,0,0,0,0,0,0,14,0,70,0,428
2020-01-31,0,0,0,0,0,0,0,0,0,0,237,0,0,0,0,0,0,0,0,0,0,0,0,0,0,0,0,0,139,0,0,0,0,0,0,0,0,0,0,0,0,0,0,1,0,0,0,0,0,0,0,0,1,0,0,0,0,0,0,0,0,0,0,0,0,0,0,0,211,0,0,0,0,0,0,0,0,0,0,0,2,0,0,0,0,0,0,0,0,0,0,0,0,0,0,0,0,0,0,0,0,0,0,0,0,0,0,0,0,0,0,0,0,0,0,0,0,0,0,0,0,0,0,0,1,0,0,0,5,0,0,0,0,120,0,0,0,29,0,0,5,0,0,0,0,0,0,0,0,0,0,0,436,87,0,0,29,0,0,0,52,0,0,0,0,0,352,82,59,0,0,0,0,12,0,0,332,5806,0,0,0,0,0,0,1,0,0,20,0,0,0,0,0,0,2,0,0,15,0,0,0,0,168,240,14,0,0,0,0,0,0,0,0,0,0,1,0,0,0,0,11,0,0,0,0,0,0,0,0,0,48,0,0,0,0,1,0,0,0,7,0,0,8,0,0,0,0,1,0,0,0,0,0,0,0,0,0,0,0,0,0,0,0,0,0,0,0,0,0,0,0,0,0,0,0,0,0,0,0,0,0,0,0,0,1,0,0,0,0,0,0,0,0,4,0,0,0,0,0,0,21,0,0,0,0,0,0,0,0,0,0,0,0,0,0,0,3,1,0,0,0,0,0,0,0,0,0,0,0,1,0,0,0,0,0,0,0,0,0,0,0,0,0,0,0,0,8,0,2,0,0,0,0,0,0,0,2,0,0,0,0,0,0,0,0,0,0,0,1,0,0,0,0,0,0,0,0,87,184,135,39,0,0,177,13,0,0,0,0,0,0,0,0,0,0,0,0,0,0,0,1,0,0,0,0,0,0,0,0,0,0,0,0,1,0,10,0,0,0,0,0,19,0,32,1,0,0,0,0,0,0,0,0,0,4,2,0,0,0,0,0,0,3,2,0,0,0,0,0,0,0,0,0,0,0,0,0,0,0,0,0,0,0,17,0,83,0,538
2020-02-01,0,0,0,0,0,0,0,0,0,0,297,0,0,0,0,0,0,0,0,0,0,0,0,0,0,0,0,0,168,0,0,0,0,0,0,0,0,0,0,0,0,0,0,1,0,0,0,0,0,0,0,0,1,0,0,0,0,0,0,0,0,0,0,0,0,0,0,0,247,0,0,0,0,0,0,0,0,0,0,0,2,0,0,0,0,0,0,0,0,0,0,0,0,0,0,0,0,0,0,0,0,0,0,0,0,0,0,0,0,0,0,0,0,0,0,0,0,0,0,0,0,0,0,0,1,0,0,0,6,0,0,0,0,144,0,0,0,40,0,0,8,0,0,0,0,0,0,0,0,0,0,0,535,100,0,0,29,0,0,0,62,0,0,0,0,0,422,96,80,0,0,0,0,13,0,0,389,7153,0,0,0,0,0,0,1,0,0,23,0,0,0,0,0,0,2,0,0,20,0,0,0,0,202,286,17,0,0,0,0,0,0,0,0,0,0,1,0,0,0,0,12,0,0,0,0,0,0,0,0,0,64,0,0,0,0,1,0,0,0,7,0,0,8,0,0,0,0,1,0,0,0,0,0,0,0,0,0,0,0,0,0,0,0,0,0,0,0,0,0,0,0,0,0,0,0,0,0,0,0,0,0,0,0,0,1,0,0,0,0,0,0,0,0,4,0,0,0,0,0,0,26,0,0,0,0,0,0,0,0,0,0,0,0,0,0,0,3,1,0,0,0,0,0,0,0,0,0,0,0,1,0,0,0,0,0,0,0,0,0,0,0,0,0,0,0,0,9,0,3,0,0,0,0,0,0,0,2,0,0,0,0,0,0,0,0,0,0,0,1,0,0,0,0,0,0,0,0,101,206,169,47,0,0,207,16,0,0,0,0,0,0,0,0,0,1,0,0,1,0,0,1,0,0,0,0,0,0,1,0,0,0,0,0,1,0,10,0,0,0,0,0,19,0,41,1,0,0,0,0,0,0,0,0,0,4,2,0,0,0,0,0,0,4,6,0,0,0,0,0,0,0,0,0,0,0,0,0,0,0,0,0,0,0,18,0,93,0,599
2020-02-10,0,0,0,0,0,0,0,0,0,0,830,0,0,0,0,0,0,0,0,0,0,0,0,0,0,0,0,0,337,0,1,0,0,0,0,0,0,0,0,0,0,0,0,4,0,0,0,0,0,0,0,0,1,0,0,0,0,0,0,0,0,0,0,0,0,0,0,0,486,0,0,0,0,0,0,0,0,0,0,0,2,0,0,0,0,0,0,0,0,0,0,0,0,0,0,0,0,0,0,0,135,0,0,0,0,0,0,0,0,0,0,0,0,0,0,0,0,0,0,0,0,0,0,0,1,0,0,0,11,0,0,0,0,261,0,0,0,83,0,0,14,0,0,0,0,0,0,0,0,0,0,0,1159,210,0,0,109,0,0,0,138,0,0,0,0,0,1073,218,331,0,0,0,0,38,0,0,879,31728,0,0,0,0,0,0,3,0,0,58,0,0,0,0,0,0,3,0,0,26,0,0,0,0,492,771,80,0,0,0,0,0,0,0,0,0,0,1,0,0,0,0,27,0,0,0,0,0,0,0,0,0,108,0,0,0,0,1,0,0,0,10,0,0,18,0,0,0,0,1,0,0,0,0,0,0,0,0,0,0,0,0,0,0,0,0,0,0,0,0,0,0,0,0,0,0,0,0,0,0,0,0,0,0,0,0,1,0,0,0,0,0,0,0,0,4,0,0,0,0,0,0,49,0,0,0,0,0,0,0,0,0,0,0,0,0,0,0,3,1,0,0,0,0,0,0,0,0,0,0,0,3,0,0,0,0,0,0,0,0,0,0,0,0,0,0,0,0,18,0,5,0,0,0,0,0,0,0,2,0,0,0,0,0,2,0,0,0,0,0,2,0,0,0,0,0,0,0,0,213,466,299,119,0,0,405,45,0,0,0,0,0,0,0,0,0,2,0,0,2,0,0,1,0,0,0,0,0,0,1,0,0,0,0,0,1,0,18,0,0,0,0,0,32,0,95,1,0,0,0,0,0,0,0,0,0,8,8,0,0,0,0,0,0,4,14,0,0,0,0,0,0,0,0,0,0,0,0,0,0,0,0,0,0,0,49,0,149,0,1092
2020-02-11,0,0,0,0,0,0,0,0,0,0,860,0,0,0,0,0,0,0,0,0,0,0,0,0,0,0,0,0,342,0,1,0,0,0,0,0,0,0,0,0,0,0,0,4,0,0,0,0,0,0,0,0,1,0,0,0,0,0,0,0,0,0,0,0,0,0,0,0,505,0,0,0,0,0,0,0,0,0,0,0,2,0,0,0,0,0,0,0,0,0,0,0,0,0,0,0,0,0,0,0,135,0,0,0,0,0,0,0,0,0,0,0,0,0,0,0,0,0,0,0,0,0,0,0,1,0,0,0,11,0,0,0,0,267,0,0,0,86,0,0,16,0,0,0,0,0,0,0,0,0,0,0,1177,215,0,0,127,0,0,0,144,0,0,0,0,0,1105,239,360,0,0,0,0,49,0,0,912,33366,0,0,0,0,0,0,3,0,0,58,0,0,0,0,0,0,3,0,0,26,0,0,0,0,515,804,81,0,0,0,0,0,0,0,0,0,0,1,0,0,0,0,28,0,0,0,0,0,0,0,0,0,111,0,0,0,0,1,0,0,0,10,0,0,18,0,0,0,0,1,0,0,0,0,0,0,0,0,0,0,0,0,0,0,0,0,0,0,0,0,0,0,0,0,0,0,0,0,0,0,0,0,0,0,0,0,1,0,0,0,0,0,0,0,0,4,0,0,0,0,0,0,53,0,0,0,0,0,0,0,0,0,0,0,0,0,0,0,3,1,0,0,0,0,0,0,0,0,0,0,0,3,0,0,0,0,0,0,0,0,0,0,0,0,0,0,0,0,18,0,5,0,0,0,0,0,0,0,2,0,0,0,0,0,2,1,0,0,0,0,2,0,0,0,0,0,0,0,0,219,487,303,124,0,0,417,47,0,0,0,0,0,0,0,0,0,2,0,0,2,0,0,1,0,0,0,0,0,0,1,0,0,0,0,0,1,0,18,0,0,0,0,0,33,0,106,1,0,0,0,0,0,0,0,0,0,8,8,0,0,0,0,0,0,4,15,0,0,0,0,0,0,0,0,0,0,0,0,0,0,0,0,0,0,0,55,0,153,0,1117
2020-02-12,0,0,0,0,0,0,0,0,0,0,889,0,0,0,0,0,0,0,0,0,0,0,0,0,0,0,0,0,352,0,1,0,0,0,0,0,0,0,0,0,0,0,0,4,0,0,0,0,0,0,0,0,1,0,0,0,0,0,0,0,0,0,0,0,0,0,0,0,518,0,0,0,0,0,0,0,0,0,0,0,2,0,0,0,0,0,0,0,0,0,0,0,0,0,0,0,0,0,0,0,175,0,0,0,0,0,0,0,0,0,0,0,0,0,0,0,0,0,0,0,0,0,0,0,1,0,0,0,11,0,0,0,0,272,0,0,0,87,0,0,16,0,0,0,0,0,0,0,0,0,0,0,1219,222,0,0,133,0,0,0,157,0,0,0,0,0,1135,251,378,0,0,0,0,50,0,0,946,33366,0,0,0,0,0,0,3,0,0,60,0,0,0,0,0,0,3,0,0,28,0,0,0,0,543,844,83,0,0,0,0,0,0,0,0,0,0,1,0,0,0,0,28,0,0,0,0,0,0,0,0,0,116,0,0,0,0,1,0,0,0,10,0,0,18,0,0,0,0,1,0,0,0,0,0,0,0,0,0,0,0,0,0,0,0,0,0,0,0,0,0,0,0,0,0,0,0,0,0,0,0,0,0,0,0,0,1,0,0,0,0,0,0,0,0,4,0,0,0,0,0,0,58,0,0,0,0,0,0,0,0,0,0,0,0,0,0,0,3,1,0,0,0,0,0,0,0,0,0,0,0,3,0,0,0,0,0,0,0,0,0,0,0,0,0,0,0,0,18,0,5,0,0,0,0,0,0,0,2,0,0,0,0,0,2,1,0,0,0,0,2,0,0,0,0,0,0,0,0,225,497,311,126,0,0,436,50,0,0,0,0,0,0,0,0,0,2,0,0,2,0,0,1,0,0,0,0,0,0,1,0,0,0,0,0,1,0,18,0,0,0,0,0,33,0,112,1,0,0,0,0,0,0,0,0,0,8,9,0,0,0,0,0,0,4,15,0,0,0,0,0,0,0,0,0,0,0,0,0,0,0,0,0,0,0,59,0,154,0,1131
2020-02-13,0,0,0,0,0,0,0,0,0,0,910,0,0,0,0,0,0,0,0,0,0,0,0,0,0,0,0,0,366,0,1,0,0,0,0,0,0,0,0,0,0,0,0,4,0,0,0,0,0,0,0,0,1,0,0,0,0,0,0,0,0,0,0,0,0,0,0,0,529,0,0,0,0,0,0,0,0,0,0,0,2,0,0,0,0,0,0,0,0,0,0,0,0,0,0,0,0,0,0,0,175,0,0,0,0,0,0,0,0,0,0,0,0,0,0,0,0,0,0,0,0,0,0,0,1,0,0,0,11,0,0,0,0,279,0,0,0,90,0,0,16,0,0,0,0,0,0,0,0,0,0,0,1241,222,0,0,135,0,0,0,157,0,0,0,0,0,1169,265,395,0,0,0,0,53,0,0,968,48206,0,0,0,0,0,0,3,0,0,61,0,0,0,0,0,0,3,0,0,28,0,0,0,0,570,872,84,0,0,0,0,0,0,0,0,0,0,1,0,0,0,0,28,0,0,0,0,0,0,0,0,0,117,0,0,0,0,1,0,0,0,10,0,0,19,0,0,0,0,1,0,0,0,0,0,0,0,0,0,0,0,0,0,0,0,0,0,0,0,0,0,0,0,0,0,0,0,0,0,0,0,0,0,0,0,0,1,0,0,0,0,0,0,0,0,4,0,0,0,0,0,0,64,0,0,0,0,0,0,0,0,0,0,0,0,0,0,0,3,1,0,0,0,0,0,0,0,0,0,0,0,3,0,0,0,0,0,0,0,0,0,0,0,0,0,0,0,0,18,0,5,0,0,0,0,0,0,0,2,0,0,0,0,0,2,2,0,0,0,0,2,0,0,0,0,0,0,0,0,229,509,315,126,0,0,451,58,0,0,0,0,0,0,0,0,0,2,0,0,2,0,0,1,0,0,0,0,0,0,1,0,0,0,0,0,1,0,18,0,0,0,0,0,33,0,119,1,0,0,0,0,0,0,0,0,0,8,9,0,0,0,0,0,0,4,16,0,0,0,0,0,0,0,0,0,0,0,0,0,0,0,0,0,0,0,63,0,156,0,1145
2020-02-14,0,0,0,0,0,0,0,0,0,0,934,0,0,0,0,0,0,0,0,0,0,0,0,0,0,0,0,0,372,0,1,0,0,0,0,0,0,0,0,0,0,0,0,4,0,0,0,0,0,0,0,0,1,0,0,0,0,0,0,0,0,0,0,0,0,0,0,0,537,0,0,0,0,0,0,0,0,0,0,0,2,0,0,0,0,0,0,0,0,0,0,0,0,0,0,0,0,0,0,0,218,0,0,0,0,0,0,0,0,0,1,0,0,0,0,0,0,0,0,0,0,0,0,0,1,0,0,0,11,0,0,0,0,281,0,0,0,90,0,0,16,0,0,0,0,0,0,0,0,0,0,0,1261,226,0,0,140,0,0,0,159,0,0,0,0,0,1184,283,419,0,0,0,0,56,0,0,988,54406,0,0,0,0,0,0,3,0,0,65,0,0,0,0,0,0,3,0,0,29,0,0,0,0,593,900,86,0,0,0,0,0,0,0,0,0,0,1,0,0,0,0,28,0,0,0,0,0,0,0,0,0,119,0,0,0,0,1,0,0,0,10,0,0,19,0,0,0,0,1,0,0,0,0,0,0,0,0,0,0,0,0,0,0,0,0,0,0,0,0,0,0,0,0,0,0,0,0,0,0,0,0,0,0,0,0,1,0,0,0,0,0,0,0,0,4,0,0,0,0,0,0,67,0,0,0,0,0,0,0,0,0,0,0,0,0,0,0,3,1,0,0,0,0,0,0,0,0,0,0,0,3,0,0,0,0,0,0,0,0,0,0,0,0,0,0,0,0,18,0,5,0,0,0,0,0,0,0,2,0,0,0,0,0,2,2,0,0,0,0,2,0,0,0,0,0,0,0,0,230,523,318,127,0,0,463,67,0,0,0,0,0,0,0,0,0,2,0,0,2,0,0,1,0,0,0,0,0,0,1,0,0,0,0,0,1,0,18,0,0,0,0,0,33,0,120,1,0,0,0,0,0,0,0,0,0,8,9,0,0,0,0,0,0,4,16,0,0,0,0,0,0,0,0,0,0,0,0,0,0,0,0,0,0,0,65,0,162,0,1155
2020-02-15,0,0,0,0,0,0,0,0,0,0,950,0,0,0,0,0,0,0,0,0,0,0,0,0,0,0,0,0,375,0,1,0,0,0,0,0,0,0,0,0,0,0,0,4,0,0,0,0,0,0,0,0,1,0,0,0,0,0,0,0,0,0,0,0,0,0,0,0,544,0,0,0,0,0,0,0,0,0,0,0,2,0,0,0,0,0,0,0,0,0,0,0,0,0,0,0,0,0,0,0,285,0,0,0,0,0,0,0,0,0,1,0,0,0,0,0,0,0,0,0,0,0,0,0,1,0,0,0,12,0,0,0,0,285,0,0,0,90,0,0,16,0,0,0,0,0,0,0,0,0,0,0,1294,235,0,0,143,0,0,0,162,0,0,0,0,0,1212,291,425,0,0,0,0,56,0,0,1001,56249,0,0,0,0,0,0,3,0,0,68,0,0,0,0,0,0,3,0,0,43,0,0,0,0,604,913,88,0,0,0,0,0,0,0,0,0,0,1,0,0,0,0,28,0,0,0,0,0,0,0,0,0,119,0,0,0,0,1,0,0,0,10,0,0,22,0,0,0,0,1,0,0,0,0,0,0,0,0,0,0,0,0,0,0,0,0,0,0,0,0,0,0,0,0,0,0,0,0,0,0,0,0,0,0,0,0,1,0,0,0,0,0,0,0,0,4,0,0,0,0,0,0,70,0,0,0,0,0,0,0,0,0,0,0,0,0,0,0,3,1,0,0,0,0,0,0,0,0,0,0,0,3,0,0,0,0,0,0,0,0,0,0,0,0,0,0,0,0,18,0,5,0,0,0,0,0,0,0,2,0,0,0,0,0,2,2,0,0,0,0,2,0,0,0,0,0,0,0,0,232,532,326,128,0,0,470,72,0,0,0,0,0,0,0,0,0,2,0,0,2,0,0,1,0,0,0,0,0,0,1,0,0,0,0,0,1,0,18,0,0,0,0,0,33,0,122,1,0,0,0,0,0,0,0,0,0,8,9,0,0,0,0,0,0,4,16,0,0,0,0,0,0,0,0,0,0,0,0,0,0,0,0,0,0,0,70,0,168,0,1162
2020-02-16,0,0,0,0,0,0,0,0,0,0,962,0,0,0,0,0,0,0,0,0,0,0,0,0,0,0,0,0,380,0,1,0,0,0,0,0,0,0,0,0,0,0,0,4,0,0,0,0,0,0,0,0,1,0,0,0,0,0,0,0,0,0,0,0,0,0,0,0,551,0,0,0,0,0,0,0,0,0,0,0,2,0,0,0,0,0,0,0,0,0,0,0,0,0,0,0,0,0,0,0,355,0,0,0,0,0,0,0,0,0,1,0,0,0,0,0,0,0,0,0,0,0,0,0,1,0,0,0,12,0,0,0,0,287,0,0,0,90,0,0,16,0,0,0,0,0,0,0,0,0,0,0,1316,237,0,0,144,0,0,0,162,0,0,0,0,0,1231,300,445,0,0,0,0,57,0,0,1004,58182,0,0,0,0,0,0,3,0,0,70,0,0,0,0,0,0,3,0,0,59,0,0,0,0,617,925,89,0,0,0,0,0,0,0,0,0,0,1,0,0,0,0,29,0,0,0,0,0,0,0,0,0,121,0,0,0,0,1,0,0,0,10,0,0,22,0,0,0,0,1,0,0,0,0,0,0,0,0,0,0,0,0,0,0,0,0,0,0,0,0,0,0,0,0,0,0,0,0,0,0,0,0,0,0,0,0,1,0,0,0,0,0,0,0,0,4,0,0,0,0,0,0,70,0,0,0,0,0,0,0,0,0,0,0,0,0,0,0,3,1,0,0,0,0,0,0,0,0,0,0,0,3,0,0,0,0,0,0,0,0,0,0,0,0,0,0,0,0,18,0,5,0,0,0,0,0,0,0,2,0,0,0,0,0,2,2,0,0,0,0,2,0,0,0,0,0,0,0,0,236,537,328,129,0,0,481,75,0,0,0,0,0,0,0,0,0,2,0,0,2,0,0,1,0,0,0,0,0,0,1,0,0,0,0,0,1,0,20,0,0,0,0,0,34,0,124,1,0,0,0,0,0,0,0,0,0,9,9,0,0,0,0,0,0,4,16,0,0,0,0,0,0,0,0,0,0,0,0,0,0,0,0,0,0,0,71,0,171,0,1167
2020-02-17,0,0,0,0,0,0,0,0,0,0,973,0,0,0,0,0,0,0,0,0,0,0,0,0,0,0,0,0,381,0,1,0,0,0,0,0,0,0,0,0,0,0,0,5,0,0,0,0,0,0,0,0,1,0,0,0,0,0,0,0,0,0,0,0,0,0,0,0,553,0,0,0,0,0,0,0,0,0,0,0,2,0,0,0,0,0,0,0,0,0,0,0,0,0,0,0,0,0,0,0,454,0,0,0,0,0,0,0,0,0,1,0,0,0,0,0,0,0,0,0,0,0,0,0,1,0,0,0,12,0,0,0,0,290,0,0,0,91,0,0,16,0,0,0,0,0,0,0,0,0,0,0,1322,238,0,0,146,0,0,0,163,0,0,0,0,0,1246,301,457,0,0,0,0,60,0,0,1006,59989,0,0,0,0,0,0,3,0,0,72,0,0,0,0,0,0,3,0,0,66,0,0,0,0,626,930,89,0,0,0,0,0,0,0,0,0,0,1,0,0,0,0,30,0,0,0,0,0,0,0,0,0,121,0,0,0,0,1,0,0,0,10,0,0,22,0,0,0,0,1,0,0,0,0,0,0,0,0,0,0,0,0,0,0,0,0,0,0,0,0,0,0,0,0,0,0,0,0,0,0,0,0,0,0,0,0,1,0,0,0,0,0,0,0,0,4,0,0,0,0,0,0,70,0,0,0,0,0,0,0,0,0,0,0,0,0,0,0,3,1,0,0,0,0,0,0,0,0,0,0,0,3,0,0,0,0,0,0,0,0,0,0,0,0,0,0,0,0,18,0,5,0,0,0,0,0,0,0,2,0,0,0,0,0,2,2,0,0,0,0,2,0,0,0,0,0,0,0,0,240,541,333,130,0,0,495,77,0,0,0,0,0,0,0,0,0,2,0,0,2,0,0,1,0,0,0,0,0,0,1,0,0,0,0,0,1,0,22,0,0,0,0,0,35,0,125,1,0,0,0,0,0,0,0,0,0,9,9,0,0,0,0,0,0,4,16,0,0,0,0,0,0,0,0,0,0,0,0,0,0,0,0,0,0,0,75,0,171,0,1171
2020-02-18,0,0,0,0,0,0,0,0,0,0,982,0,0,0,0,0,0,0,0,0,0,0,0,0,0,0,0,0,387,0,1,0,0,0,0,0,0,0,0,0,0,0,0,5,0,0,0,0,0,0,0,0,1,0,0,0,0,0,0,0,0,0,0,0,0,0,0,0,555,0,0,0,0,0,0,0,0,0,0,0,2,0,0,0,0,0,0,0,0,0,0,0,0,0,0,0,0,0,0,0,542,0,0,0,0,0,0,0,0,0,1,0,0,0,0,0,0,0,0,0,0,0,0,0,1,0,0,0,12,0,0,0,0,292,0,0,0,91,0,0,16,0,0,0,0,0,0,0,0,0,0,0,1328,242,0,0,146,0,0,0,163,0,0,0,0,0,1257,306,464,0,0,0,0,62,0,0,1007,61682,0,0,0,0,0,0,3,0,0,73,0,0,0,0,0,0,3,0,0,74,0,0,0,0,629,933,89,0,0,0,0,0,0,0,0,0,0,1,0,0,0,0,31,0,0,0,0,0,0,0,0,0,121,0,0,0,0,1,0,0,0,10,0,0,22,0,0,0,0,1,0,0,0,0,0,0,0,0,0,0,0,0,0,0,0,0,0,0,0,0,0,0,0,0,0,0,0,0,0,0,0,0,0,0,0,0,1,0,0,0,0,0,0,0,0,4,0,0,0,0,0,0,70,0,0,0,0,0,0,0,0,0,0,0,0,0,0,0,3,1,0,0,0,0,0,0,0,0,0,0,0,3,0,0,0,0,0,0,0,0,0,0,0,0,0,0,0,0,18,0,5,0,0,0,0,0,0,0,2,0,0,0,0,0,2,2,0,0,0,0,2,0,0,0,0,0,0,0,0,240,543,333,131,0,0,508,81,0,0,0,0,0,0,0,0,0,2,0,0,2,0,0,1,0,0,0,0,0,0,1,0,0,0,0,0,1,0,22,0,0,0,0,0,35,0,128,1,0,0,0,0,0,0,0,0,0,9,9,0,0,0,0,0,0,4,16,0,0,0,0,0,0,0,0,0,0,0,0,0,0,0,0,0,0,0,76,0,172,0,1172
2020-02-19,0,0,0,0,0,0,0,0,0,0,986,0,0,0,0,0,0,0,0,0,0,0,0,0,0,0,0,0,393,0,1,0,0,0,0,0,0,0,0,0,0,0,0,5,0,0,0,0,0,0,0,0,1,0,0,0,0,0,0,0,0,0,0,0,0,0,0,0,560,0,0,0,0,0,0,0,0,0,0,0,2,0,0,0,0,0,0,0,0,0,0,0,0,0,0,0,0,0,0,0,621,0,0,0,0,0,0,0,0,0,1,0,0,0,0,0,0,0,0,0,0,0,0,0,1,0,0,0,12,0,0,0,0,293,0,0,0,91,0,0,16,0,0,0,0,0,0,0,0,0,0,0,1331,244,0,0,146,0,0,0,168,0,0,0,0,0,1262,306,470,0,0,0,0,63,0,0,1008,62031,0,0,0,0,0,0,3,0,0,75,0,2,0,0,0,0,3,0,0,84,0,0,0,0,631,934,90,0,0,0,0,0,0,0,0,0,0,1,0,0,0,0,31,0,0,0,0,0,0,0,0,0,121,0,0,0,0,1,0,0,0,10,0,0,22,0,0,0,0,1,0,0,0,0,0,0,0,0,0,0,0,0,0,0,0,0,0,0,0,0,0,0,0,0,0,0,0,0,0,0,0,0,0,0,0,0,1,0,0,0,0,0,0,0,0,4,0,0,0,0,0,0,71,0,0,0,0,0,0,0,0,0,0,0,0,0,0,0,3,1,0,0,0,0,0,0,0,0,0,0,0,3,0,0,0,0,0,0,0,0,0,0,0,0,0,0,0,0,18,0,5,0,0,0,0,0,0,0,2,0,0,0,0,0,2,2,0,0,0,0,2,0,0,0,0,0,0,0,0,242,544,333,131,0,0,514,84,0,0,0,0,0,0,0,0,0,2,0,0,2,0,0,1,0,0,0,0,0,0,1,0,0,0,0,0,1,0,23,0,0,0,0,0,35,0,130,1,0,0,0,0,0,0,0,0,0,9,9,0,0,0,0,0,0,4,16,0,0,0,0,0,0,0,0,0,0,0,0,0,0,0,0,0,0,0,76,0,172,0,1174
2020-02-02,0,0,0,0,0,0,0,0,0,0,340,0,0,0,0,0,0,0,0,0,0,0,0,0,0,0,0,0,191,0,0,0,0,0,0,0,0,0,0,0,0,0,0,1,0,0,0,0,0,0,0,0,1,0,0,0,0,0,0,0,0,0,0,0,0,0,0,0,300,0,0,0,0,0,0,0,0,0,0,0,2,0,0,0,0,0,0,0,0,0,0,0,0,0,0,0,0,0,0,0,0,0,0,0,0,0,0,0,0,0,0,0,0,0,0,0,0,0,0,0,0,0,0,0,1,0,0,0,6,0,0,0,0,159,0,0,0,51,0,0,10,0,0,0,0,0,0,0,0,0,0,0,632,111,0,0,38,0,0,0,64,0,0,0,0,0,493,104,95,0,0,0,0,15,0,0,463,11177,0,0,0,0,0,0,2,0,0,27,0,0,0,0,0,0,2,0,0,20,0,0,0,0,236,333,23,0,0,0,0,0,0,0,0,0,0,1,0,0,0,0,15,0,0,0,0,0,0,0,0,0,70,0,0,0,0,1,0,0,0,8,0,0,8,0,0,0,0,1,0,0,0,0,0,0,0,0,0,0,0,0,0,0,0,0,0,0,0,0,0,0,0,0,0,0,0,0,0,0,0,0,0,0,0,0,1,0,0,0,0,0,0,0,0,4,0,0,0,0,0,0,28,0,0,0,0,0,0,0,0,0,0,0,0,0,0,0,3,1,0,0,0,0,0,0,0,0,0,0,0,2,0,0,0,0,0,0,0,0,0,0,0,0,0,0,0,0,11,0,2,0,0,0,0,0,0,0,2,0,0,0,0,0,0,0,0,0,0,0,1,0,0,0,0,0,0,0,0,116,230,182,66,0,0,231,18,0,0,0,0,0,0,0,0,0,2,0,0,1,0,0,1,0,0,0,0,0,0,1,0,0,0,0,0,1,0,10,0,0,0,0,0,19,0,48,1,0,0,0,0,0,0,0,0,0,5,2,0,0,0,0,0,0,4,6,0,0,0,0,0,0,0,0,0,0,0,0,0,0,0,0,0,0,0,21,0,105,0,661
2020-02-20,0,0,0,0,0,0,0,0,0,0,987,0,0,0,0,0,0,0,0,0,0,0,0,0,0,0,0,0,395,0,1,0,0,0,0,0,0,0,0,0,0,0,0,5,0,0,0,0,0,0,0,0,1,0,0,0,0,0,0,0,0,0,0,0,0,0,0,0,567,0,0,0,0,0,0,0,0,0,0,0,2,0,0,0,0,0,0,0,0,0,0,0,0,0,0,0,0,0,0,0,634,0,0,0,0,0,0,0,0,0,1,0,0,0,0,0,0,0,0,0,0,0,0,0,1,0,0,0,12,0,0,0,0,293,0,0,0,91,0,0,16,0,0,0,0,0,0,0,0,0,0,0,1332,245,0,0,146,0,0,0,168,0,0,0,0,0,1265,307,476,0,0,0,0,68,0,0,1010,62442,0,0,0,0,0,0,3,0,0,75,0,5,0,0,0,0,3,0,0,94,0,0,0,0,631,934,91,0,0,0,0,0,0,0,0,0,0,1,0,0,0,0,104,0,0,0,0,0,0,0,0,0,121,0,0,0,0,1,0,0,0,10,0,0,22,0,0,0,0,1,0,0,0,0,0,0,0,0,0,0,0,0,0,0,0,0,0,0,0,0,0,0,0,0,0,0,0,0,0,0,0,0,0,0,0,0,1,0,0,0,0,0,0,0,0,4,0,0,0,0,0,0,71,0,0,0,0,0,0,0,0,0,0,0,0,0,0,0,3,1,0,0,0,0,0,0,0,0,0,0,0,3,0,0,0,0,0,0,0,0,0,0,0,0,0,0,0,0,18,0,5,0,0,0,0,0,0,0,2,0,0,0,0,0,2,2,0,0,0,0,2,0,0,0,0,0,0,0,0,245,546,334,132,0,0,520,84,0,0,0,0,0,0,0,0,0,2,0,0,2,0,0,1,0,0,0,0,0,0,1,0,0,0,0,0,1,0,24,0,0,0,0,0,35,0,131,1,0,0,0,0,0,0,0,0,0,9,9,0,0,0,0,0,0,4,16,0,0,0,0,0,0,0,0,0,0,0,0,0,0,0,0,0,0,0,76,0,174,0,1175
2020-02-21,0,0,0,0,0,0,0,0,0,0,988,0,0,0,0,0,0,0,0,0,0,0,0,0,0,0,0,0,396,0,1,0,0,0,0,0,0,0,0,0,0,0,0,6,0,0,0,0,0,0,0,0,1,0,0,0,0,0,0,0,0,0,0,0,0,0,0,0,572,0,0,0,0,0,0,0,0,0,0,0,2,0,0,0,0,0,0,0,0,0,0,0,0,0,0,0,0,0,0,0,634,0,0,0,0,0,0,0,0,0,1,0,0,0,0,0,0,0,0,0,0,0,0,0,1,0,0,0,12,0,0,0,4,293,0,0,0,91,0,0,16,0,0,0,0,0,0,0,0,0,0,0,1333,246,0,0,146,0,0,0,168,0,0,0,0,0,1267,308,479,0,0,0,0,68,0,0,1011,62662,0,1,0,0,0,0,3,0,0,75,0,18,0,0,0,1,20,0,0,105,0,0,0,0,631,934,91,0,0,0,0,0,0,0,0,0,0,1,0,0,0,0,204,0,0,0,0,0,0,0,1,0,121,0,0,0,0,1,0,0,0,10,0,0,22,0,0,0,0,1,0,0,0,0,0,0,0,0,0,0,0,0,0,0,0,0,0,0,0,0,0,0,0,0,0,0,0,0,0,0,0,0,0,0,0,0,1,0,0,0,0,0,0,0,0,4,0,0,0,0,0,0,71,0,0,0,0,0,0,0,0,0,0,0,0,0,0,0,3,1,0,0,0,0,0,0,0,0,0,0,0,3,0,0,0,0,0,0,0,0,0,0,0,0,0,0,0,0,18,0,5,0,0,0,0,0,0,0,2,0,1,0,0,0,2,2,0,0,0,0,2,0,0,0,0,0,0,0,0,245,749,334,132,0,0,525,85,0,0,0,0,0,0,0,0,0,2,0,0,2,0,0,1,0,0,0,0,0,0,1,0,0,0,0,0,1,0,26,0,0,0,0,0,35,0,132,1,0,0,0,0,0,0,0,0,0,9,9,0,0,0,0,0,0,4,16,0,0,0,0,0,0,0,0,0,0,0,0,0,0,0,0,0,0,0,76,0,174,0,1203
2020-02-22,0,0,0,0,0,0,0,0,0,0,989,0,0,0,0,0,0,0,0,0,0,0,0,0,0,0,0,0,399,0,1,0,0,0,0,0,0,0,0,0,0,0,0,6,0,0,0,0,0,0,0,0,1,0,0,0,0,0,0,0,0,0,0,0,0,0,0,0,573,0,0,0,0,0,0,0,0,0,0,0,2,0,0,0,0,0,0,0,0,0,0,0,0,0,0,0,0,0,0,0,634,0,0,0,0,0,0,0,0,0,1,0,0,0,0,0,0,0,0,0,0,0,0,0,1,0,0,0,12,0,0,0,7,293,0,0,0,91,0,0,16,0,0,0,0,0,0,0,0,0,0,0,1339,249,0,0,146,0,0,0,168,0,0,0,0,0,1270,309,479,0,0,0,0,69,0,0,1013,64084,0,1,0,0,0,0,3,0,0,75,0,28,0,0,0,1,62,0,0,122,0,0,0,0,631,934,91,0,0,0,0,0,0,0,0,0,0,1,0,0,0,0,433,0,0,0,0,0,0,0,1,0,121,0,0,0,0,1,0,0,0,10,0,0,22,0,0,0,0,1,0,0,0,0,0,0,0,0,0,0,0,0,0,0,0,0,0,0,0,0,0,0,0,0,0,0,0,0,0,0,0,0,0,0,0,0,1,0,0,0,0,0,0,0,0,4,0,0,0,0,0,0,71,0,0,0,0,0,0,0,0,0,0,0,0,0,0,0,3,1,0,0,0,0,0,0,0,0,0,0,0,3,0,0,0,0,0,0,0,0,0,0,0,0,0,0,0,0,18,0,5,0,0,0,0,0,0,0,2,0,1,0,0,0,2,2,0,0,0,0,2,0,0,0,0,0,0,0,0,245,750,335,132,0,0,526,85,0,0,0,0,0,0,0,0,0,2,0,0,2,0,0,1,0,0,0,0,0,0,1,0,0,0,0,0,1,0,26,0,0,0,0,0,35,0,135,1,0,0,0,0,0,0,0,0,0,13,9,0,0,0,0,0,0,4,16,0,0,0,0,0,0,0,0,0,0,0,0,0,0,0,0,0,0,0,76,0,174,0,1205
2020-02-23,0,0,0,0,0,0,0,0,0,0,989,0,0,0,0,0,0,0,0,0,0,0,0,0,0,0,0,0,399,0,1,0,0,0,0,0,0,0,0,0,0,0,0,6,0,0,0,0,0,0,0,0,1,0,0,0,0,0,0,0,0,0,0,0,0,0,0,0,575,0,0,0,0,0,0,0,0,0,0,0,2,0,0,0,0,0,0,0,0,0,0,0,0,0,0,0,0,0,0,0,691,0,0,0,0,0,0,0,0,0,1,0,0,0,0,0,0,0,0,0,0,0,0,0,1,0,0,0,12,0,0,0,7,293,0,0,0,91,0,0,16,0,0,0,0,0,0,0,0,0,0,0,1342,249,0,0,146,0,0,0,168,0,0,0,0,0,1271,311,480,0,0,0,0,74,0,0,1016,64084,0,1,0,0,0,0,3,0,0,75,0,43,0,0,0,1,155,0,0,147,0,0,0,0,631,934,91,0,0,0,0,0,0,0,0,0,0,1,0,0,0,0,602,0,0,0,0,0,0,0,1,0,121,0,0,0,0,1,0,0,0,10,0,0,22,0,0,0,0,1,0,0,0,0,0,0,0,0,0,0,0,0,0,0,0,0,0,0,0,0,0,0,0,0,0,0,0,0,0,0,0,0,0,0,0,0,1,0,0,0,0,0,0,0,0,4,0,0,0,0,0,0,71,0,0,0,0,0,0,0,0,0,0,0,0,0,0,0,3,1,0,0,0,0,0,0,0,0,0,0,0,3,0,0,0,0,0,0,0,0,0,0,0,0,0,0,0,0,18,0,5,0,0,0,0,0,0,0,2,0,1,0,0,0,2,2,0,0,0,0,2,0,0,0,0,0,0,0,0,245,754,335,132,0,0,526,89,0,0,0,0,0,0,0,0,0,2,0,0,2,0,0,1,0,0,0,0,0,0,1,0,0,0,0,0,1,0,28,0,0,0,0,0,35,0,135,1,0,0,0,0,0,0,0,0,0,13,9,0,0,0,0,0,0,4,16,0,0,0,0,0,0,0,0,0,0,0,0,0,0,0,0,0,0,0,76,0,174,0,1205
2020-02-24,0,1,0,0,0,0,0,0,0,0,989,0,0,0,0,0,0,0,0,0,0,0,0,0,1,0,0,0,399,0,1,0,0,0,0,0,0,0,0,0,0,0,0,6,0,0,0,0,0,0,0,0,1,0,0,0,0,0,0,0,0,0,0,0,0,0,0,0,576,0,0,0,0,0,0,0,0,0,0,0,2,0,0,0,0,0,0,0,0,0,0,0,0,0,0,0,0,0,0,0,691,36,0,0,0,0,0,0,0,0,1,0,0,0,0,0,0,0,0,0,0,0,0,0,1,0,0,0,12,0,0,0,7,293,0,0,0,91,0,0,16,0,0,0,0,0,0,0,0,0,0,0,1345,251,0,0,146,0,0,0,168,0,0,0,0,0,1271,311,480,0,0,0,0,79,0,0,1016,64287,0,1,0,0,0,0,3,0,0,75,0,61,1,0,0,1,229,0,0,159,0,0,0,0,631,934,93,0,0,0,0,0,0,0,0,0,0,1,0,0,0,0,833,0,1,0,0,0,0,0,1,0,121,0,0,0,0,1,0,0,0,10,0,0,22,0,0,0,0,1,0,0,0,0,0,0,0,0,0,0,0,0,0,0,0,0,0,0,0,0,0,0,0,0,0,0,0,0,0,0,0,0,0,0,0,0,1,0,0,0,0,0,0,0,0,4,0,0,0,0,0,0,71,0,0,0,0,0,0,0,0,0,0,0,0,0,0,2,4,1,0,0,0,0,0,0,0,0,0,0,0,3,0,0,0,0,0,0,0,0,0,0,0,0,0,0,0,0,18,0,5,0,0,0,0,0,0,0,2,0,1,0,0,0,2,2,0,0,0,0,2,0,0,0,0,0,0,0,0,245,755,335,133,0,0,527,89,0,0,0,0,0,0,0,0,0,2,0,0,2,0,0,1,0,0,0,0,0,0,1,0,0,0,0,0,1,0,30,0,0,0,0,0,35,0,135,1,0,0,0,0,0,0,0,0,0,13,13,0,0,0,0,0,0,4,16,0,0,0,0,0,0,0,0,0,0,0,0,0,0,0,0,0,0,0,76,0,174,0,1205
2020-02-25,0,1,0,0,0,0,0,0,1,0,989,0,0,0,0,0,0,0,0,0,0,2,0,0,23,0,0,0,400,0,1,0,0,0,0,0,0,0,0,0,0,0,0,7,0,0,0,0,0,0,0,0,1,0,0,0,0,0,0,0,0,0,0,0,0,0,0,0,576,0,0,0,0,0,0,0,0,0,0,0,2,0,0,1,0,0,0,0,0,0,0,0,0,0,0,0,0,0,0,0,691,36,0,0,0,0,0,0,0,0,1,0,0,0,0,0,0,0,0,0,0,0,0,0,1,0,0,0,14,0,0,0,7,294,0,0,0,91,0,0,17,0,0,0,0,0,0,0,0,0,0,0,1347,252,0,0,146,0,0,0,168,0,0,0,0,0,1271,311,480,0,0,0,0,84,0,0,1016,64786,0,1,0,0,0,0,3,0,0,75,0,95,1,0,0,1,322,0,0,170,0,0,0,0,631,934,93,0,0,0,0,0,0,0,0,0,0,1,0,0,0,0,977,0,11,0,0,0,0,0,1,0,121,0,0,0,0,1,0,0,0,10,0,0,22,0,0,0,0,1,0,0,0,0,0,0,0,0,0,0,0,0,0,0,0,0,0,0,0,0,0,0,0,0,0,0,0,0,0,0,0,0,0,0,0,0,1,0,0,0,0,0,0,0,0,4,0,0,0,0,0,0,71,0,0,0,0,0,0,0,0,0,0,0,0,0,0,2,4,1,0,0,0,0,0,0,0,0,0,0,0,3,0,0,0,0,0,0,0,0,0,0,0,0,0,0,0,0,18,0,5,0,0,0,0,0,0,0,2,0,1,0,0,0,2,2,0,0,0,0,2,0,0,0,0,0,0,0,0,245,756,336,133,0,0,529,91,0,0,0,0,0,0,0,0,0,2,0,0,6,0,0,1,0,0,0,0,0,0,1,0,0,0,0,0,1,1,31,0,0,0,0,0,37,0,135,1,0,0,0,0,0,0,0,0,0,13,13,0,0,0,0,0,0,4,16,0,0,0,0,0,0,0,0,0,0,0,0,0,0,0,0,0,0,0,76,0,174,0,1205
2020-02-26,0,1,0,0,0,0,0,0,1,0,989,0,0,0,0,0,0,0,0,0,0,2,0,0,33,0,0,0,400,0,1,0,0,0,0,0,0,0,0,0,0,0,1,7,0,0,0,0,0,0,0,0,1,0,0,0,0,0,0,0,0,0,0,0,0,0,0,0,576,0,0,0,0,0,0,0,0,0,0,0,2,0,0,3,0,0,0,0,0,0,0,0,0,0,0,0,0,0,0,0,705,42,0,0,0,0,0,0,0,0,1,0,0,0,0,0,0,0,0,0,0,0,0,0,2,0,0,0,18,0,0,0,7,294,0,0,0,91,1,0,27,0,0,0,0,0,0,1,0,0,0,0,1347,252,0,0,146,0,0,0,168,0,0,0,0,0,1271,312,480,0,0,0,0,91,0,0,1016,65187,0,1,0,0,0,0,3,0,0,75,0,139,5,0,0,2,453,0,0,189,0,0,0,0,631,934,93,0,0,0,0,0,0,0,0,0,0,1,0,0,0,0,1261,0,26,0,0,0,0,0,2,0,121,0,0,0,0,1,0,0,0,10,0,0,22,0,0,0,0,1,0,0,0,0,0,0,0,0,0,0,0,0,0,0,0,0,0,0,0,0,0,0,0,0,0,0,0,0,0,0,0,0,0,0,0,0,1,0,0,0,0,0,0,0,0,4,0,0,0,0,0,0,71,0,0,0,0,0,1,0,1,0,0,0,0,0,0,4,4,1,0,0,2,0,0,0,0,0,0,0,0,3,0,0,0,0,0,0,0,0,0,0,0,0,0,0,0,0,18,0,5,0,0,0,0,0,0,1,2,0,1,0,0,0,2,2,0,0,0,0,2,0,0,0,0,0,0,0,0,245,756,337,133,0,0,531,93,0,0,0,0,0,0,0,0,0,2,0,0,13,0,0,1,0,0,0,0,0,0,1,0,0,0,0,0,2,1,32,0,0,0,0,0,40,0,135,1,0,0,0,0,0,0,0,0,0,13,13,0,0,0,0,0,0,4,16,0,0,0,0,0,0,0,0,0,0,0,0,0,0,0,0,0,0,0,76,0,174,0,1205
2020-02-27,0,1,0,0,0,0,0,0,1,0,989,0,0,0,0,0,0,0,0,0,0,3,0,0,33,0,0,0,410,0,1,0,0,0,0,0,0,0,0,0,0,0,1,7,0,0,0,0,0,0,0,0,1,0,0,0,0,0,0,0,0,0,0,0,0,0,0,0,576,0,0,0,0,0,0,0,0,0,0,0,2,0,0,3,0,0,0,0,0,0,0,0,0,0,0,0,0,1,0,0,705,42,0,0,0,0,0,0,0,0,1,0,0,0,0,1,0,0,0,0,0,0,0,0,2,0,0,0,38,0,0,0,8,296,0,0,0,91,1,0,46,0,0,0,0,0,0,3,0,0,0,0,1347,252,0,0,146,0,0,0,168,0,0,0,0,0,1272,317,480,0,0,0,0,92,0,0,1017,65596,0,1,0,0,0,0,3,0,0,75,0,245,7,0,0,3,655,0,0,214,0,0,0,0,631,934,93,0,0,0,0,0,0,0,0,0,0,1,0,0,0,0,1766,0,43,0,0,0,0,0,2,0,121,0,0,0,0,1,0,0,0,10,0,0,23,0,0,0,0,1,0,0,0,0,0,0,0,0,0,0,0,0,0,0,0,0,0,0,0,0,0,0,0,0,0,0,0,0,0,0,0,0,0,0,0,0,1,1,0,0,0,0,0,0,0,4,0,0,0,0,0,0,72,0,0,0,0,0,1,0,1,0,0,0,0,0,0,4,6,1,0,0,2,0,0,0,0,0,0,0,0,3,0,0,0,0,0,0,0,0,0,0,0,0,0,0,0,0,18,0,5,0,0,0,0,0,0,1,2,0,2,0,0,0,2,2,0,0,1,0,2,0,0,0,0,0,0,0,0,245,756,337,133,0,0,534,93,0,0,0,0,0,0,0,0,0,2,0,0,15,0,0,1,0,0,0,0,0,0,1,0,0,0,0,0,7,8,32,0,0,0,0,0,40,0,136,1,0,0,0,0,0,0,0,0,0,13,15,0,0,0,0,0,0,4,16,0,0,0,0,0,0,0,0,0,0,0,0,0,0,0,0,0,0,0,76,0,174,0,1205
2020-02-28,0,1,0,0,0,0,0,0,1,0,990,0,0,0,0,0,0,0,0,0,0,3,0,0,36,0,0,0,410,1,1,0,0,0,0,0,0,0,0,0,0,0,1,7,0,0,0,0,0,0,0,0,1,0,0,0,0,0,0,0,0,0,0,0,0,0,0,0,576,0,0,0,0,0,0,0,0,0,0,0,2,0,0,5,0,0,0,0,0,0,0,0,0,0,0,0,0,1,0,0,705,44,0,0,0,0,0,0,0,0,1,0,0,0,0,1,0,0,0,0,0,0,0,0,2,0,0,0,57,0,0,0,8,296,0,0,0,91,1,0,48,0,0,0,0,0,0,4,0,0,0,0,1348,252,0,0,146,0,0,0,168,0,0,0,0,0,1272,318,480,0,0,0,0,94,0,0,1017,65914,0,1,0,1,0,0,3,0,0,75,0,388,7,0,0,4,888,0,0,228,0,0,0,0,631,935,93,0,0,0,0,0,0,0,0,0,0,1,0,0,0,0,2337,0,45,0,0,0,0,0,2,0,121,0,0,0,1,1,0,0,0,10,0,0,23,0,0,0,0,1,0,0,0,0,0,0,0,0,0,0,1,0,0,0,0,0,0,0,0,0,0,0,0,0,0,0,0,0,0,0,0,0,0,0,0,0,1,1,0,0,0,0,0,0,0,4,0,0,1,0,0,1,72,0,0,0,0,0,1,0,6,0,0,0,0,0,0,4,6,1,0,0,2,0,0,0,0,0,0,0,0,3,0,0,0,0,0,0,0,0,0,0,0,0,0,0,0,0,18,1,5,0,0,0,0,0,0,3,2,0,2,0,0,0,2,2,0,0,1,0,2,0,0,0,0,0,0,0,0,245,756,337,133,0,0,538,93,0,0,0,0,0,0,0,0,0,2,0,0,32,0,0,1,0,0,0,0,0,0,1,0,0,0,0,0,7,8,34,0,0,0,0,0,41,0,136,1,0,0,0,0,0,0,0,0,0,19,20,0,0,0,0,0,0,4,16,0,0,0,0,0,0,0,0,0,0,0,0,0,0,0,0,0,0,0,76,0,174,0,1205
2020-02-29,0,1,0,0,0,0,0,0,1,0,990,0,0,0,0,0,0,0,0,0,0,9,0,0,41,0,0,0,411,1,1,0,0,0,0,0,0,0,0,0,0,0,2,8,0,0,0,0,0,0,0,0,1,0,0,0,0,0,0,0,0,0,0,0,0,0,0,0,576,0,0,0,0,0,0,0,0,0,0,0,2,0,0,6,0,0,0,0,0,0,0,0,0,0,0,0,0,3,0,0,705,44,0,0,0,0,0,0,0,0,1,0,0,0,0,1,0,0,0,0,0,0,0,0,3,0,0,0,100,0,0,0,0,296,0,0,0,91,1,0,79,0,0,0,0,0,0,4,0,0,0,0,1349,252,0,0,146,0,0,0,168,0,0,0,0,0,1272,318,480,0,0,0,0,95,0,0,1018,66337,0,1,0,1,0,0,3,0,0,75,0,593,13,1,0,7,1128,0,0,241,0,0,0,0,631,935,93,0,0,0,0,0,0,0,0,0,0,6,0,0,0,0,3150,0,45,0,0,0,0,0,4,0,121,0,0,0,1,1,0,0,1,10,0,0,25,0,0,0,0,1,0,0,0,0,0,0,0,0,0,0,4,0,0,0,0,0,0,0,0,1,0,0,0,0,0,0,0,0,0,0,0,0,0,0,0,0,1,6,0,0,0,0,0,0,0,4,0,0,1,0,0,1,73,0,0,0,0,0,1,0,15,0,0,0,0,0,0,6,11,1,0,0,4,0,0,0,0,0,0,0,0,3,0,0,0,0,0,0,0,0,0,0,0,0,0,0,0,1,18,1,9,0,0,0,0,0,0,3,2,0,2,0,0,0,2,2,0,0,1,0,3,0,0,0,0,0,0,0,0,245,756,337,133,0,0,538,102,0,0,0,1,0,0,0,0,0,3,0,0,45,0,0,1,0,0,0,0,0,0,1,0,0,0,0,0,12,18,39,0,0,0,0,0,42,0,136,1,0,0,0,0,0,0,0,0,0,21,23,0,0,0,0,0,0,7,16,0,0,0,0,1,0,0,0,0,0,0,0,0,2,0,0,0,0,0,76,0,174,0,1205
2020-02-03,0,0,0,0,0,0,0,0,0,0,408,0,0,0,0,0,0,0,0,0,0,0,0,0,0,0,0,0,212,0,0,0,0,0,0,0,0,0,0,0,0,0,0,1,0,0,0,0,0,0,0,0,1,0,0,0,0,0,0,0,0,0,0,0,0,0,0,0,337,0,0,0,0,0,0,0,0,0,0,0,2,0,0,0,0,0,0,0,0,0,0,0,0,0,0,0,0,0,0,0,0,0,0,0,0,0,0,0,0,0,0,0,0,0,0,0,0,0,0,0,0,0,0,0,1,0,0,0,6,0,0,0,0,179,0,0,0,55,0,0,12,0,0,0,0,0,0,0,0,0,0,0,725,127,0,0,46,0,0,0,72,0,0,0,0,0,566,113,121,0,0,0,0,15,0,0,521,13522,0,0,0,0,0,0,3,0,0,34,0,0,0,0,0,0,2,0,0,20,0,0,0,0,271,391,31,0,0,0,0,0,0,0,0,0,0,1,0,0,0,0,15,0,0,0,0,0,0,0,0,0,74,0,0,0,0,1,0,0,0,8,0,0,8,0,0,0,0,1,0,0,0,0,0,0,0,0,0,0,0,0,0,0,0,0,0,0,0,0,0,0,0,0,0,0,0,0,0,0,0,0,0,0,0,0,1,0,0,0,0,0,0,0,0,4,0,0,0,0,0,0,31,0,0,0,0,0,0,0,0,0,0,0,0,0,0,0,3,1,0,0,0,0,0,0,0,0,0,0,0,2,0,0,0,0,0,0,0,0,0,0,0,0,0,0,0,0,13,0,2,0,0,0,0,0,0,0,2,0,0,0,0,0,2,0,0,0,0,0,2,0,0,0,0,0,0,0,0,128,259,203,74,0,0,254,18,0,0,0,0,0,0,0,0,0,2,0,0,1,0,0,1,0,0,0,0,0,0,1,0,0,0,0,0,1,0,10,0,0,0,0,0,19,0,60,1,0,0,0,0,0,0,0,0,0,5,2,0,0,0,0,0,0,4,8,0,0,0,0,0,0,0,0,0,0,0,0,0,0,0,0,0,0,0,24,0,117,0,724
2020-02-04,0,0,0,0,0,0,0,0,0,0,480,0,0,0,0,0,0,0,0,0,0,0,0,0,0,0,0,0,228,0,1,0,0,0,0,0,0,0,0,0,0,0,0,1,0,0,0,0,0,0,0,0,1,0,0,0,0,0,0,0,0,0,0,0,0,0,0,0,366,0,0,0,0,0,0,0,0,0,0,0,2,0,0,0,0,0,0,0,0,0,0,0,0,0,0,0,0,0,0,0,0,0,0,0,0,0,0,0,0,0,0,0,0,0,0,0,0,0,0,0,0,0,0,0,1,0,0,0,6,0,0,0,0,194,0,0,0,57,0,0,12,0,0,0,0,0,0,0,0,0,0,0,813,139,0,0,58,0,0,0,80,0,0,0,0,0,675,126,155,0,0,0,0,17,0,0,593,16678,0,0,0,0,0,0,3,0,0,35,0,0,0,0,0,0,2,0,0,22,0,0,0,0,308,476,42,0,0,0,0,0,0,0,0,0,0,1,0,0,0,0,16,0,0,0,0,0,0,0,0,0,81,0,0,0,0,1,0,0,0,10,0,0,10,0,0,0,0,1,0,0,0,0,0,0,0,0,0,0,0,0,0,0,0,0,0,0,0,0,0,0,0,0,0,0,0,0,0,0,0,0,0,0,0,0,1,0,0,0,0,0,0,0,0,4,0,0,0,0,0,0,34,0,0,0,0,0,0,0,0,0,0,0,0,0,0,0,3,1,0,0,0,0,0,0,0,0,0,0,0,2,0,0,0,0,0,0,0,0,0,0,0,0,0,0,0,0,15,0,3,0,0,0,0,0,0,0,2,0,0,0,0,0,2,0,0,0,0,0,2,0,0,0,0,0,0,0,0,142,275,219,81,0,0,282,24,0,0,0,0,0,0,0,0,0,2,0,0,1,0,0,1,0,0,0,0,0,0,1,0,0,0,0,0,1,0,11,0,0,0,0,0,25,0,67,1,0,0,0,0,0,0,0,0,0,5,2,0,0,0,0,0,0,4,8,0,0,0,0,0,0,0,0,0,0,0,0,0,0,0,0,0,0,0,29,0,122,0,829
2020-02-05,0,0,0,0,0,0,0,0,0,0,530,0,0,0,0,0,0,0,0,0,0,0,0,0,0,0,0,0,253,0,1,0,0,0,0,0,0,0,0,0,0,0,0,2,0,0,0,0,0,0,0,0,1,0,0,0,0,0,0,0,0,0,0,0,0,0,0,0,389,0,0,0,0,0,0,0,0,0,0,0,2,0,0,0,0,0,0,0,0,0,0,0,0,0,0,0,0,0,0,0,0,0,0,0,0,0,0,0,0,0,0,0,0,0,0,0,0,0,0,0,0,0,0,0,1,0,0,0,6,0,0,0,0,205,0,0,0,62,0,0,12,0,0,0,0,0,0,0,0,0,0,0,895,150,0,0,64,0,0,0,99,0,0,0,0,0,764,135,190,0,0,0,0,21,0,0,661,19665,0,0,0,0,0,0,3,0,0,42,0,0,0,0,0,0,2,0,0,22,0,0,0,0,341,548,54,0,0,0,0,0,0,0,0,0,0,1,0,0,0,0,19,0,0,0,0,0,0,0,0,0,89,0,0,0,0,1,0,0,0,10,0,0,12,0,0,0,0,1,0,0,0,0,0,0,0,0,0,0,0,0,0,0,0,0,0,0,0,0,0,0,0,0,0,0,0,0,0,0,0,0,0,0,0,0,1,0,0,0,0,0,0,0,0,4,0,0,0,0,0,0,34,0,0,0,0,0,0,0,0,0,0,0,0,0,0,0,3,1,0,0,0,0,0,0,0,0,0,0,0,2,0,0,0,0,0,0,0,0,0,0,0,0,0,0,0,0,17,0,3,0,0,0,0,0,0,0,2,0,0,0,0,0,2,0,0,0,0,0,2,0,0,0,0,0,0,0,0,165,307,243,81,0,0,301,28,0,0,0,0,0,0,0,0,0,2,0,0,1,0,0,1,0,0,0,0,0,0,1,0,0,0,0,0,1,0,11,0,0,0,0,0,25,0,69,1,0,0,0,0,0,0,0,0,0,5,2,0,0,0,0,0,0,4,8,0,0,0,0,0,0,0,0,0,0,0,0,0,0,0,0,0,0,0,32,0,128,0,895
2020-02-06,0,0,0,0,0,0,0,0,0,0,591,0,0,0,0,0,0,0,0,0,0,0,0,0,0,0,0,0,274,0,1,0,0,0,0,0,0,0,0,0,0,0,0,2,0,0,0,0,0,0,0,0,1,0,0,0,0,0,0,0,0,0,0,0,0,0,0,0,411,0,0,0,0,0,0,0,0,0,0,0,2,0,0,0,0,0,0,0,0,0,0,0,0,0,0,0,0,0,0,0,0,0,0,0,0,0,0,0,0,0,0,0,0,0,0,0,0,0,0,0,0,0,0,0,1,0,0,0,6,0,0,0,0,215,0,0,0,62,0,0,12,0,0,0,0,0,0,0,0,0,0,0,970,168,0,0,71,0,0,0,106,0,0,0,0,0,851,157,227,0,0,0,0,24,0,0,711,22112,0,0,0,0,0,0,3,0,0,46,0,0,0,0,0,0,2,0,0,45,0,0,0,0,373,600,59,0,0,0,0,0,0,0,0,0,0,1,0,0,0,0,23,0,0,0,0,0,0,0,0,0,94,0,0,0,0,1,0,0,0,10,0,0,12,0,0,0,0,1,0,0,0,0,0,0,0,0,0,0,0,0,0,0,0,0,0,0,0,0,0,0,0,0,0,0,0,0,0,0,0,0,0,0,0,0,1,0,0,0,0,0,0,0,0,4,0,0,0,0,0,0,40,0,0,0,0,0,0,0,0,0,0,0,0,0,0,0,3,1,0,0,0,0,0,0,0,0,0,0,0,2,0,0,0,0,0,0,0,0,0,0,0,0,0,0,0,0,18,0,4,0,0,0,0,0,0,0,2,0,0,0,0,0,2,0,0,0,0,0,2,0,0,0,0,0,0,0,0,173,347,257,96,0,0,321,28,0,0,0,0,0,0,0,0,0,2,0,0,1,0,0,1,0,0,0,0,0,0,1,0,0,0,0,0,1,0,16,0,0,0,0,0,25,0,79,1,0,0,0,0,0,0,0,0,0,5,2,0,0,0,0,0,0,4,10,0,0,0,0,0,0,0,0,0,0,0,0,0,0,0,0,0,0,0,36,0,133,0,954
2020-02-07,0,0,0,0,0,0,0,0,0,0,665,0,0,0,0,0,0,0,0,0,0,0,0,0,0,0,0,0,297,0,1,0,0,0,0,0,0,0,0,0,0,0,0,4,0,0,0,0,0,0,0,0,1,0,0,0,0,0,0,0,0,0,0,0,0,0,0,0,426,0,0,0,0,0,0,0,0,0,0,0,2,0,0,0,0,0,0,0,0,0,0,0,0,0,0,0,0,0,0,0,61,0,0,0,0,0,0,0,0,0,0,0,0,0,0,0,0,0,0,0,0,0,0,0,1,0,0,0,6,0,0,0,0,224,0,0,0,67,0,0,13,0,0,0,0,0,0,0,0,0,0,0,1034,172,0,0,81,0,0,0,117,0,0,0,0,0,914,172,277,0,0,0,0,25,0,0,772,24953,0,0,0,0,0,0,3,0,0,50,0,0,0,0,0,0,3,0,0,25,0,0,0,0,408,661,65,0,0,0,0,0,0,0,0,0,0,1,0,0,0,0,24,0,0,0,0,0,0,0,0,0,99,0,0,0,0,1,0,0,0,10,0,0,12,0,0,0,0,1,0,0,0,0,0,0,0,0,0,0,0,0,0,0,0,0,0,0,0,0,0,0,0,0,0,0,0,0,0,0,0,0,0,0,0,0,1,0,0,0,0,0,0,0,0,4,0,0,0,0,0,0,43,0,0,0,0,0,0,0,0,0,0,0,0,0,0,0,3,1,0,0,0,0,0,0,0,0,0,0,0,3,0,0,0,0,0,0,0,0,0,0,0,0,0,0,0,0,18,0,5,0,0,0,0,0,0,0,2,0,0,0,0,0,2,0,0,0,0,0,2,0,0,0,0,0,0,0,0,184,386,277,104,0,0,344,30,0,0,0,0,0,0,0,0,0,2,0,0,1,0,0,1,0,0,0,0,0,0,1,0,0,0,0,0,1,0,16,0,0,0,0,0,25,0,81,1,0,0,0,0,0,0,0,0,0,5,3,0,0,0,0,0,0,4,10,0,0,0,0,0,0,0,0,0,0,0,0,0,0,0,0,0,0,0,39,0,138,0,1006
2020-02-08,0,0,0,0,0,0,0,0,0,0,733,0,0,0,0,0,0,0,0,0,0,0,0,0,0,0,0,0,315,0,1,0,0,0,0,0,0,0,0,0,0,0,0,4,0,0,0,0,0,0,0,0,1,0,0,0,0,0,0,0,0,0,0,0,0,0,0,0,428,0,0,0,0,0,0,0,0,0,0,0,2,0,0,0,0,0,0,0,0,0,0,0,0,0,0,0,0,0,0,0,61,0,0,0,0,0,0,0,0,0,0,0,0,0,0,0,0,0,0,0,0,0,0,0,1,0,0,0,11,0,0,0,0,239,0,0,0,79,0,0,13,0,0,0,0,0,0,0,0,0,0,0,1095,183,0,0,89,0,0,0,124,0,0,0,0,0,981,195,295,0,0,0,0,26,0,0,803,27100,0,0,0,0,0,0,3,0,0,52,0,0,0,0,0,0,3,0,0,25,0,0,0,0,439,698,69,0,0,0,0,0,0,0,0,0,0,1,0,0,0,0,24,0,0,0,0,0,0,0,0,0,105,0,0,0,0,1,0,0,0,10,0,0,16,0,0,0,0,1,0,0,0,0,0,0,0,0,0,0,0,0,0,0,0,0,0,0,0,0,0,0,0,0,0,0,0,0,0,0,0,0,0,0,0,0,1,0,0,0,0,0,0,0,0,4,0,0,0,0,0,0,45,0,0,0,0,0,0,0,0,0,0,0,0,0,0,0,3,1,0,0,0,0,0,0,0,0,0,0,0,3,0,0,0,0,0,0,0,0,0,0,0,0,0,0,0,0,18,0,5,0,0,0,0,0,0,0,2,0,0,0,0,0,2,0,0,0,0,0,2,0,0,0,0,0,0,0,0,195,416,286,115,0,0,364,33,0,0,0,0,0,0,0,0,0,2,0,0,1,0,0,1,0,0,0,0,0,0,1,0,0,0,0,0,1,0,17,0,0,0,0,0,32,0,88,1,0,0,0,0,0,0,0,0,0,7,3,0,0,0,0,0,0,4,13,0,0,0,0,0,0,0,0,0,0,0,0,0,0,0,0,0,0,0,42,0,138,0,1048
2020-02-09,0,0,0,0,0,0,0,0,0,0,779,0,0,0,0,0,0,0,0,0,0,0,0,0,0,0,0,0,326,0,1,0,0,0,0,0,0,0,0,0,0,0,0,4,0,0,0,0,0,0,0,0,1,0,0,0,0,0,0,0,0,0,0,0,0,0,0,0,468,0,0,0,0,0,0,0,0,0,0,0,2,0,0,0,0,0,0,0,0,0,0,0,0,0,0,0,0,0,0,0,64,0,0,0,0,0,0,0,0,0,0,0,0,0,0,0,0,0,0,0,0,0,0,0,1,0,0,0,11,0,0,0,0,250,0,0,0,83,0,0,14,0,0,0,0,0,0,0,0,0,0,0,1131,195,0,0,99,0,0,0,131,0,0,0,0,0,1033,206,307,0,0,0,0,29,0,0,838,29631,0,0,0,0,0,0,3,0,0,54,0,0,0,0,0,0,3,0,0,26,0,0,0,0,468,740,78,0,0,0,0,0,0,0,0,0,0,1,0,0,0,0,25,0,0,0,0,0,0,0,0,0,107,0,0,0,0,1,0,0,0,10,0,0,16,0,0,0,0,1,0,0,0,0,0,0,0,0,0,0,0,0,0,0,0,0,0,0,0,0,0,0,0,0,0,0,0,0,0,0,0,0,0,0,0,0,1,0,0,0,0,0,0,0,0,4,0,0,0,0,0,0,45,0,0,0,0,0,0,0,0,0,0,0,0,0,0,0,3,1,0,0,0,0,0,0,0,0,0,0,0,3,0,0,0,0,0,0,0,0,0,0,0,0,0,0,0,0,18,0,5,0,0,0,0,0,0,0,2,0,0,0,0,0,2,0,0,0,0,0,2,0,0,0,0,0,0,0,0,208,444,293,119,0,0,386,40,0,0,0,0,0,0,0,0,0,2,0,0,2,0,0,1,0,0,0,0,0,0,1,0,0,0,0,0,1,0,18,0,0,0,0,0,32,0,91,1,0,0,0,0,0,0,0,0,0,7,3,0,0,0,0,0,0,4,13,0,0,0,0,0,0,0,0,0,0,0,0,0,0,0,0,0,0,0,45,0,141,0,1075
2020-03-01,0,1,0,0,0,0,0,0,1,0,990,0,0,0,0,0,0,0,1,0,0,14,3,0,47,0,0,0,413,1,2,0,0,0,0,0,0,0,0,0,0,0,2,8,0,0,0,0,0,0,0,0,1,0,0,0,0,0,0,0,0,0,0,0,0,0,0,0,576,0,0,0,0,0,0,0,0,0,0,0,3,0,0,7,0,0,0,0,3,0,0,0,0,0,0,0,0,4,0,0,705,44,0,0,1,0,0,0,0,6,2,0,0,0,0,1,0,0,0,0,0,0,0,0,6,0,0,0,130,0,0,0,0,296,0,0,0,91,3,0,130,0,0,0,0,0,0,7,0,0,0,0,1349,252,0,0,146,0,0,0,168,0,0,0,0,0,1272,318,480,0,0,0,0,96,0,0,1018,66907,0,1,0,3,0,0,3,0,0,75,0,978,19,1,0,10,1694,0,0,256,0,0,0,0,631,935,93,0,0,0,0,0,0,0,0,0,0,9,0,0,0,0,3736,0,45,0,0,0,0,0,10,0,122,0,0,0,1,1,0,0,1,10,0,0,29,0,0,0,0,1,0,0,0,0,0,0,0,0,0,0,5,0,0,0,0,0,0,0,0,1,0,0,0,0,0,0,0,0,0,0,0,0,0,0,0,0,1,10,0,0,0,0,0,0,0,6,0,0,1,0,0,1,73,0,0,0,0,0,1,0,19,0,0,0,0,0,0,6,15,1,0,0,4,0,0,0,0,0,0,0,0,3,0,0,0,0,0,0,0,0,0,0,0,0,0,1,0,3,18,1,9,0,0,0,0,0,0,3,2,0,2,0,0,0,2,2,0,0,1,0,3,0,0,0,0,0,0,0,0,245,758,337,133,0,0,538,106,0,0,0,2,0,0,0,0,0,3,0,0,84,0,0,1,0,0,0,0,0,0,1,0,0,0,0,0,14,27,40,0,0,0,0,0,42,0,136,1,0,0,0,0,0,0,0,0,0,21,36,0,0,0,0,0,0,7,16,0,0,0,0,1,0,0,0,0,0,0,0,0,2,0,0,0,0,0,76,0,174,0,1205
2020-03-10,0,5,0,0,0,0,10,7,20,1,990,0,0,0,17,6,0,0,1,0,0,182,11,0,110,3,0,0,429,9,267,0,0,0,0,0,0,1,0,0,0,5,31,32,0,1,0,4,1,0,0,144,2,0,0,2,0,0,0,0,1,0,0,0,0,0,0,13,576,0,0,0,0,0,3,15,0,0,2,0,0,9,0,14,0,0,0,3,41,0,0,0,0,0,0,0,0,262,0,0,696,46,5,0,5,0,0,0,0,15,59,0,0,0,0,12,0,0,0,0,2,0,0,0,40,15,0,0,1784,5,0,0,0,296,0,0,0,125,15,17,1457,0,1,0,0,21,0,89,0,0,0,0,1353,252,0,0,146,0,0,0,168,0,0,0,0,2,1272,318,481,0,0,1,0,120,0,0,1018,67760,0,0,9,69,0,12,56,6,27,75,8,8042,71,34,0,83,10149,0,0,581,0,0,0,0,631,935,93,0,0,0,1,0,1,0,6,0,0,0,0,0,0,0,7513,0,69,0,0,0,0,8,41,0,125,0,1,0,1,0,0,1,5,10,0,0,129,6,5,0,0,0,0,0,0,2,8,92,0,0,0,0,7,0,0,0,0,3,0,1,3,1,1,0,0,0,0,0,0,0,0,3,0,0,0,0,0,3,1,382,4,0,0,0,4,15,0,55,0,173,5,0,0,2,75,0,0,0,7,0,7,1,400,0,0,3,0,2,0,18,36,0,15,0,16,1,1,0,0,0,12,11,0,33,0,0,0,0,0,0,22,0,0,41,0,0,0,0,0,24,18,4,18,0,0,3,0,0,0,25,20,0,0,1,0,0,0,0,0,0,51,0,0,0,0,0,0,20,4,5,0,245,758,344,133,0,0,539,160,0,7,31,0,0,0,0,0,7,7,7,0,1695,0,0,1,2,0,0,0,0,0,0,0,0,0,0,0,355,491,47,0,0,2,7,13,53,0,136,1,1,0,0,5,0,1,0,0,0,74,382,0,2,0,0,0,1,18,31,0,7,0,0,0,0,267,0,0,0,0,0,0,6,0,0,3,0,0,76,0,174,0,1215
2020-03-11,0,7,0,0,0,0,12,19,20,1,990,0,0,0,19,9,1,0,1,0,0,246,11,0,195,3,0,0,435,9,314,0,0,0,0,0,0,1,2,0,0,7,38,39,0,11,0,7,2,0,0,177,3,0,0,2,0,0,0,0,2,0,0,0,0,0,0,23,576,0,0,0,0,0,9,34,0,1,3,0,0,13,1,19,0,0,0,6,91,0,0,0,0,0,0,0,1,442,0,0,696,46,10,0,5,0,0,0,0,17,60,0,0,0,0,16,0,0,0,0,2,0,0,0,59,28,0,0,2281,5,0,0,0,296,0,0,0,127,24,23,1908,0,1,0,0,21,0,99,0,0,0,0,1356,252,0,0,146,0,0,0,168,0,0,0,0,2,1273,318,482,0,0,1,2,126,0,0,1018,67773,0,0,13,85,0,25,62,11,34,75,13,9000,71,43,0,109,12462,0,1,639,0,0,0,0,631,935,93,0,0,0,1,0,1,0,8,0,0,0,0,0,0,0,7755,0,72,0,0,0,0,10,61,0,125,0,1,0,3,0,0,6,7,10,0,0,149,8,6,0,0,0,0,0,0,3,9,95,0,0,0,0,8,2,0,0,0,5,0,1,3,1,1,0,0,1,0,0,0,0,0,5,0,0,0,0,0,5,1,503,7,1,0,0,5,23,3,65,0,220,5,0,0,2,75,0,0,0,7,0,7,1,598,0,0,4,0,2,0,18,41,0,19,0,19,8,5,0,0,0,16,11,0,49,0,0,0,0,0,0,31,0,0,59,0,0,0,0,0,262,18,8,20,0,1,5,0,0,0,45,20,0,0,1,0,0,0,0,0,0,62,0,0,0,0,0,0,21,4,12,0,245,760,344,133,0,0,539,178,0,10,57,0,0,0,0,0,13,9,10,8,2277,0,0,2,2,0,0,0,0,0,0,0,0,0,0,0,500,652,48,0,0,3,9,21,59,0,136,1,1,0,0,7,1,1,0,0,0,74,456,0,3,0,0,0,1,21,38,0,9,0,0,0,0,366,0,0,0,0,0,0,9,0,0,6,0,0,76,0,174,0,1215
2020-03-12,0,7,0,0,0,0,23,19,24,1,990,0,0,0,19,9,6,0,4,0,0,302,11,0,195,3,0,0,435,12,314,0,0,0,0,0,0,1,2,0,0,11,52,46,0,11,0,7,2,0,0,221,3,0,0,2,0,0,0,0,2,0,0,0,0,0,0,23,576,0,0,0,0,0,9,45,0,1,5,0,0,22,1,19,3,0,0,6,94,0,0,0,0,0,0,0,1,615,0,0,696,46,10,0,5,0,0,0,0,17,67,0,0,0,0,16,0,0,0,0,2,0,0,0,59,35,0,0,2281,5,0,0,0,296,0,0,0,127,24,31,2078,0,1,0,0,21,0,99,0,0,0,0,1356,252,0,0,146,0,1,0,168,0,0,0,0,2,1273,318,482,0,0,1,2,129,0,0,1018,67781,0,0,13,103,0,32,73,13,34,75,16,10075,71,43,0,131,12462,0,2,639,0,0,0,0,631,935,93,0,0,0,1,0,1,0,10,0,0,0,0,0,0,0,7869,0,80,0,0,0,0,10,61,0,125,0,1,0,3,0,0,19,19,10,0,0,149,8,6,0,0,0,0,0,0,3,12,108,0,0,0,0,12,2,0,0,0,9,1,1,3,2,1,0,0,1,0,0,0,0,0,6,0,0,0,0,0,10,1,503,14,1,0,0,6,29,5,65,0,328,5,0,0,2,75,0,0,0,15,1,7,1,702,0,0,5,0,2,0,18,42,0,24,0,20,11,5,0,0,0,22,15,0,52,0,0,0,0,0,0,49,0,0,59,0,0,0,0,0,262,18,9,20,0,1,5,0,0,0,49,28,0,0,1,0,0,0,0,0,0,69,0,0,0,0,0,0,45,4,19,0,245,760,344,133,0,0,539,178,0,16,89,0,0,0,0,0,17,9,12,8,2277,0,0,2,2,0,0,0,0,0,0,0,0,0,0,0,599,652,49,0,0,3,18,27,70,0,136,1,1,0,0,7,1,1,0,0,0,85,456,0,5,0,0,0,2,21,39,0,17,0,0,0,0,442,0,0,0,0,0,0,9,0,0,8,0,1,76,0,174,0,1215
2020-03-13,0,7,5,0,0,1,33,29,26,1,990,0,1,0,31,9,6,0,8,2,1,504,15,0,189,3,0,0,436,27,559,0,0,0,0,0,0,1,3,0,0,13,151,64,0,37,0,23,2,0,0,282,5,0,0,2,0,1,0,0,2,0,0,0,0,0,0,43,576,0,0,0,0,0,13,49,0,2,11,0,0,23,1,32,4,0,0,14,141,0,0,0,0,0,0,0,4,801,0,0,696,46,10,0,5,0,0,0,0,17,80,0,0,0,0,79,0,1,0,0,3,0,0,0,155,50,0,0,3661,5,3,0,0,296,0,0,0,127,25,42,3675,0,1,0,2,21,0,190,0,0,1,0,1356,252,0,1,146,0,1,0,168,0,0,0,0,2,1273,318,482,0,0,1,2,134,0,0,1018,67786,0,0,19,134,1,46,82,13,69,75,17,11364,101,90,0,161,17660,0,8,701,0,0,0,0,631,935,93,0,0,0,1,0,5,4,14,1,0,0,0,0,0,0,7979,0,80,0,0,0,0,17,77,0,125,0,1,0,6,0,0,36,34,10,0,1,197,9,12,0,4,0,0,0,0,3,18,123,0,0,0,0,12,16,0,0,0,14,1,2,6,2,1,0,0,1,0,0,0,0,0,7,0,0,0,0,0,13,1,804,17,1,0,0,6,29,10,92,0,421,5,0,0,2,75,0,0,0,17,1,14,1,996,0,0,13,0,2,0,19,74,0,30,0,28,27,6,0,0,0,41,28,0,64,0,0,0,0,0,0,68,0,0,112,0,0,0,0,0,320,18,17,35,0,5,14,0,0,0,89,45,0,0,1,0,0,0,0,0,0,80,0,0,0,0,0,2,86,10,35,0,245,760,346,133,0,0,539,200,0,32,141,0,0,0,0,0,24,16,13,8,5232,0,0,6,2,0,0,0,0,1,0,0,0,0,0,0,814,1139,50,0,0,5,26,43,75,0,136,1,1,0,0,16,5,3,0,0,0,85,798,0,9,0,0,0,2,36,47,0,30,0,0,0,0,568,0,0,0,0,0,0,14,0,0,19,0,1,76,0,174,0,1215
2020-03-14,0,11,6,0,0,1,38,29,37,1,990,0,1,0,34,12,12,0,18,2,1,655,15,0,210,3,0,0,437,27,689,0,0,0,0,0,0,1,10,0,0,18,151,64,0,40,0,41,2,0,0,340,7,0,0,2,0,1,0,0,2,0,0,0,0,0,0,61,576,0,0,0,0,0,22,101,0,2,22,0,0,26,1,38,4,1,0,26,189,0,0,0,0,0,0,0,6,827,0,0,696,46,10,0,11,0,0,0,0,28,109,0,0,0,0,115,1,1,0,0,9,0,0,0,225,76,0,0,4469,5,3,0,0,296,0,1,0,129,30,66,4585,3,1,0,2,21,0,228,0,0,1,0,1356,252,1,1,146,0,1,0,168,0,0,0,0,4,1273,318,482,0,0,1,2,140,0,0,1018,67790,0,0,30,156,2,64,102,16,96,75,17,12729,110,129,0,193,21157,0,8,773,0,0,0,0,631,935,93,0,0,0,1,0,8,6,14,1,0,0,0,0,0,0,8086,0,104,0,0,0,0,26,93,0,125,0,4,0,8,0,0,77,51,10,0,3,238,10,18,0,4,0,0,0,0,9,26,138,1,0,0,0,26,25,0,0,0,21,6,4,12,2,1,0,0,5,0,0,0,0,0,17,0,2,0,0,0,14,1,959,21,1,0,0,7,69,10,112,0,525,6,0,0,2,75,0,0,0,24,1,14,1,1090,0,0,26,0,4,0,19,79,0,32,0,31,36,6,0,0,0,47,38,0,111,0,0,0,0,0,0,103,0,0,169,0,0,0,0,3,337,18,17,46,0,6,20,0,0,0,123,59,1,0,1,1,1,0,0,0,0,80,0,0,0,0,0,2,103,10,46,2,245,760,353,133,0,0,539,212,0,44,181,0,0,0,0,0,38,19,19,9,6391,0,0,10,2,0,0,0,0,1,0,0,0,0,0,1,961,1359,53,0,0,5,32,57,82,0,136,1,1,2,0,18,5,3,0,0,0,85,1140,4,10,0,2,0,5,49,53,1,41,0,0,0,0,572,0,0,0,0,0,0,17,0,0,27,0,2,76,0,174,0,1227
2020-03-15,0,16,12,0,0,1,42,39,48,1,990,0,1,0,45,13,16,0,26,2,1,860,23,0,214,5,0,0,442,27,886,0,0,0,0,0,0,1,10,0,0,24,162,73,0,50,0,51,3,0,0,426,7,0,0,2,0,1,1,0,3,0,0,0,0,0,0,74,576,0,0,0,0,0,34,131,1,2,24,0,0,27,1,49,4,1,0,26,253,0,0,0,0,0,0,0,7,864,0,0,696,46,16,0,11,0,0,0,0,28,110,0,0,1,0,171,1,1,0,0,11,0,0,0,244,115,0,0,4499,7,3,0,0,296,0,1,0,133,33,99,5795,6,1,0,2,21,0,331,0,0,3,3,1360,252,1,1,146,0,4,0,168,0,0,0,0,6,1273,318,482,0,0,1,3,145,0,0,1018,67794,0,0,32,171,5,93,113,20,117,75,18,13938,116,129,0,251,24747,0,10,839,0,0,0,0,631,935,93,0,0,0,8,0,8,9,20,3,0,0,0,0,0,0,8162,2,112,0,0,0,0,30,110,0,125,0,4,0,12,0,0,91,59,10,0,12,428,13,21,0,4,0,0,0,0,9,32,164,1,0,1,0,41,33,0,0,0,35,10,5,23,2,1,0,0,7,0,0,0,0,0,28,0,2,0,0,0,17,1,1135,24,2,0,0,13,98,13,134,0,732,8,1,0,2,75,0,0,0,33,1,14,1,1221,0,0,37,0,7,0,22,104,0,36,0,53,43,6,0,0,0,66,43,0,140,0,0,0,0,0,0,119,0,0,245,0,1,0,0,5,401,18,24,61,0,7,20,0,0,0,131,63,1,0,1,2,1,0,0,0,0,101,0,0,0,0,0,2,103,24,48,2,245,760,353,133,0,0,539,226,0,54,219,0,0,0,0,0,51,20,28,9,7798,0,0,18,2,0,0,0,0,1,0,0,0,0,0,1,1022,2200,59,0,0,6,39,72,114,0,136,1,1,2,0,18,6,3,0,0,0,98,1140,4,28,1,10,0,8,57,56,1,45,0,0,0,0,643,0,0,0,0,0,0,17,0,0,32,0,3,76,0,174,0,1231
2020-03-16,0,21,29,0,0,1,51,56,54,2,990,0,1,0,56,18,22,0,52,2,2,1018,15,1,214,8,0,0,452,36,1058,1,0,0,0,0,0,1,11,0,0,25,200,103,0,54,0,52,15,0,0,557,7,0,0,4,0,1,1,0,6,0,0,0,0,0,0,155,576,0,0,0,0,0,54,160,1,2,30,0,0,35,1,57,4,1,0,33,298,0,0,0,0,0,0,0,8,914,0,0,696,47,22,0,11,0,0,0,0,37,150,0,0,1,0,205,1,5,0,0,18,0,0,0,277,155,0,0,6633,11,3,0,0,296,0,1,0,133,33,121,7272,6,1,0,2,20,0,331,1,0,6,3,1361,252,2,1,146,0,4,0,168,0,0,0,0,7,1273,318,482,0,0,1,6,155,0,0,1018,67798,0,0,39,180,5,105,119,25,134,75,23,14991,124,169,0,255,27980,0,10,825,0,0,0,0,631,935,93,0,0,0,17,0,11,10,21,3,0,0,0,0,0,0,8236,2,123,0,0,0,0,34,99,0,125,1,4,0,17,0,0,136,77,11,0,17,566,13,30,0,7,0,0,0,0,15,41,197,1,0,1,0,53,53,0,0,0,54,13,6,23,7,1,0,0,7,0,0,0,0,0,29,0,2,0,0,0,18,1,1413,45,6,0,0,17,178,17,171,0,967,8,1,0,2,75,0,0,0,38,1,18,1,1333,5,0,50,0,10,0,22,177,0,39,0,136,55,8,0,0,0,77,86,0,142,0,0,0,0,0,0,177,0,0,331,0,1,0,0,5,439,18,50,68,0,9,21,0,0,0,158,90,5,0,3,2,1,0,0,0,0,109,0,0,0,0,0,7,118,24,55,3,245,760,355,133,0,0,539,243,0,63,253,0,0,0,1,0,62,29,33,10,9942,0,0,28,2,0,0,0,0,1,0,0,0,0,0,1,1103,2200,67,1,0,7,52,85,147,0,136,1,1,4,0,20,18,7,0,0,0,98,1543,8,39,6,17,0,12,71,61,1,49,0,0,0,0,904,0,0,0,0,0,0,28,0,0,47,0,3,76,0,176,0,1231
2020-03-17,0,22,39,0,0,3,55,74,60,39,990,0,1,0,68,20,22,0,78,3,2,1332,28,1,228,10,2,0,456,36,1243,1,0,0,0,0,0,1,11,0,0,26,321,103,0,56,0,67,15,0,0,698,33,0,0,10,0,1,1,0,6,0,0,0,0,0,0,201,576,0,0,0,0,0,65,160,1,3,68,0,0,41,5,65,5,3,0,46,396,0,0,0,0,0,0,0,16,977,0,0,696,47,22,0,21,0,0,0,0,58,196,0,0,1,0,225,1,5,0,0,47,0,0,0,321,216,0,0,7652,11,3,0,0,296,0,1,1,133,34,146,9257,7,3,0,8,21,0,387,1,0,18,3,1364,253,6,1,147,0,7,0,168,0,0,0,0,10,1273,318,482,0,0,1,8,162,0,0,1018,67799,0,0,50,220,8,161,142,30,172,75,23,16169,154,223,0,337,31506,0,12,878,0,0,0,0,631,935,93,0,0,0,34,0,18,33,26,3,0,0,0,0,0,0,8320,2,130,0,0,0,0,49,120,0,125,1,7,0,25,0,0,196,140,12,0,32,673,13,38,0,8,0,0,0,0,16,60,218,1,0,1,0,82,65,0,0,0,60,21,11,30,7,5,0,0,9,2,0,0,0,0,38,0,2,0,0,0,21,1,1705,56,8,0,0,26,267,23,210,0,1706,12,3,0,3,75,0,0,0,64,3,26,1,1463,7,0,67,0,19,0,24,185,0,66,0,236,69,9,0,0,0,112,117,0,187,0,0,0,0,0,0,238,0,0,448,0,1,0,0,5,439,18,74,78,0,9,23,0,0,0,184,114,7,0,3,2,1,0,0,0,0,109,0,0,0,0,0,7,171,26,65,4,246,761,358,133,0,0,540,266,0,72,275,0,0,0,1,0,62,29,47,11,11748,0,0,44,2,0,0,0,0,1,0,0,0,0,0,1,1190,2700,77,1,0,7,74,110,177,0,136,1,1,5,0,24,47,14,0,0,0,98,1950,29,51,10,33,0,12,94,66,2,67,0,0,0,0,1076,0,0,0,0,1,0,31,0,0,72,0,11,76,0,176,0,1232
2020-03-18,0,22,46,0,0,6,59,97,74,39,990,0,1,0,79,27,33,0,84,4,3,1646,28,1,256,14,2,0,469,51,1486,2,0,0,0,0,0,1,12,0,0,38,372,186,0,68,0,92,20,0,0,751,35,0,0,10,0,1,1,0,6,0,0,0,0,0,0,238,576,0,0,0,0,0,93,184,1,4,68,0,0,50,6,81,7,3,0,49,464,0,0,0,0,0,0,0,19,1057,0,0,712,47,31,1,21,0,0,0,0,111,196,0,0,4,0,258,1,6,0,0,58,0,0,0,336,314,0,0,9043,11,3,0,0,296,0,1,1,133,38,199,12327,7,8,0,9,21,0,418,1,0,27,5,1370,253,6,1,146,0,7,0,168,0,0,0,0,14,1273,318,482,0,0,1,9,181,0,0,1018,67800,0,0,58,250,9,162,156,39,227,75,29,17361,164,292,0,433,35713,0,13,889,0,0,0,0,631,935,93,0,0,0,52,0,18,35,27,3,0,0,0,0,0,0,8413,2,142,3,0,0,0,71,133,0,125,2,28,0,27,0,0,257,203,15,0,42,790,13,38,0,15,0,0,0,0,19,85,218,1,3,3,0,93,83,0,0,0,77,34,18,30,7,6,0,0,11,1,0,0,0,1,49,0,2,0,0,0,24,1,2051,55,11,0,0,26,267,23,267,0,2495,20,3,0,8,75,0,0,0,70,6,35,1,1550,12,0,86,0,19,0,39,221,0,68,0,299,86,11,0,0,0,152,145,0,202,0,0,0,0,0,0,251,0,0,448,0,1,0,0,5,452,18,94,94,0,12,33,0,0,0,260,147,8,0,3,2,1,0,0,0,0,119,0,0,0,0,0,8,171,31,83,4,246,761,361,133,0,0,540,313,0,105,275,0,0,0,1,0,116,37,47,11,13910,0,0,51,3,0,0,0,0,2,0,0,0,0,0,1,1279,3028,100,3,0,10,79,173,212,0,136,1,1,7,0,29,98,14,0,0,0,113,2626,50,51,15,36,0,18,121,75,2,77,0,0,0,0,1014,0,0,0,0,1,0,35,0,0,92,0,15,76,0,176,2,1232
2020-03-19,0,22,78,0,0,9,64,119,87,53,990,0,1,0,97,45,62,0,115,4,4,2013,44,3,278,17,5,0,480,51,1795,2,0,0,0,2,0,1,12,0,0,63,621,231,0,75,0,94,33,0,0,952,37,0,0,13,0,3,1,1,11,0,0,0,0,0,0,238,576,0,0,0,0,0,102,277,3,14,159,0,0,69,9,105,11,3,0,67,694,0,0,0,0,0,0,0,30,1151,0,0,712,47,40,1,34,0,0,0,0,199,256,0,1,6,0,267,1,6,0,0,72,0,0,1,400,417,0,0,10871,11,6,0,0,296,0,1,1,134,40,287,15320,11,10,0,9,22,0,418,2,0,33,12,1378,253,9,1,146,0,7,0,168,0,0,0,0,16,1273,318,483,0,0,1,12,208,0,0,1018,67800,0,0,73,330,11,422,194,60,311,75,44,18407,192,557,0,677,41035,0,15,924,0,0,0,0,631,935,93,0,0,0,69,0,34,44,37,7,0,0,0,0,0,0,8565,2,148,3,0,0,0,86,157,0,125,2,28,0,36,0,0,392,335,17,0,52,900,13,53,0,17,0,0,0,0,23,107,328,2,3,3,0,118,334,0,0,0,89,50,31,49,7,6,0,0,11,3,0,0,0,1,63,0,3,0,0,0,29,1,2460,95,11,2,0,44,742,35,307,0,5365,28,3,1,8,75,0,0,0,123,18,48,1,1746,14,0,119,0,44,0,48,257,0,88,0,454,109,11,0,0,0,206,234,0,217,0,0,0,0,0,0,355,0,0,785,0,2,0,0,5,460,18,121,144,0,14,44,0,0,0,277,199,8,0,3,2,1,0,0,0,0,119,0,0,0,0,0,16,274,31,103,6,246,761,363,133,0,0,540,345,0,123,286,0,0,0,1,0,150,42,81,11,17963,0,0,60,4,0,0,0,0,2,0,0,0,0,0,1,1439,4075,108,6,0,10,154,260,272,0,137,1,1,9,0,39,192,16,0,0,0,140,2689,79,80,23,42,0,22,121,85,3,99,0,0,0,0,1376,0,0,0,0,2,0,52,0,0,159,0,18,76,0,176,2,1233
2020-03-02,0,1,0,0,0,0,0,0,3,1,990,0,0,0,0,0,0,0,1,0,0,18,3,0,49,0,0,0,414,1,8,0,0,0,0,0,0,0,0,0,0,0,2,8,0,0,0,0,0,0,0,0,1,0,0,0,0,0,0,0,0,0,0,0,0,0,0,0,576,0,0,0,0,0,0,0,0,0,0,0,4,0,0,7,0,0,0,0,3,0,0,0,0,0,0,0,0,4,0,0,705,45,0,0,1,0,0,0,0,6,2,0,0,0,0,1,0,0,0,0,0,0,0,0,6,0,0,0,191,0,0,0,0,296,0,0,0,91,3,0,159,0,0,1,0,0,0,7,0,0,0,0,1350,252,0,0,146,0,0,0,168,0,0,0,0,0,1272,318,480,0,1,0,0,100,0,0,1018,67103,0,1,0,6,0,0,5,0,2,75,0,1501,26,1,0,10,2036,0,0,274,0,0,0,0,631,935,93,0,0,0,0,0,0,0,0,0,0,14,0,0,0,0,4335,0,56,0,0,0,0,1,13,0,122,0,0,0,1,1,0,0,1,10,0,0,29,0,0,0,0,1,0,0,0,0,0,0,0,0,0,0,5,0,0,0,0,0,0,0,0,1,0,0,0,0,0,0,0,0,0,1,0,0,0,0,0,0,1,18,0,0,0,0,0,0,0,6,1,0,1,0,0,1,74,0,0,0,0,0,1,0,25,0,0,0,0,0,0,6,18,1,0,0,4,0,0,0,0,0,0,0,0,3,0,0,0,0,0,1,0,0,0,2,0,0,0,2,0,3,18,1,9,0,0,0,0,0,0,3,3,0,2,0,0,0,2,2,0,0,8,1,9,0,0,0,0,1,1,0,0,245,758,337,133,0,0,538,108,0,0,0,4,0,0,0,1,0,3,0,0,120,0,0,1,0,0,0,0,0,0,1,0,0,0,0,0,15,42,41,0,0,1,0,0,43,0,136,1,0,0,0,0,0,0,0,1,0,21,40,0,0,0,0,0,0,9,16,0,0,0,0,2,0,0,0,0,0,0,0,0,2,0,0,0,0,0,76,0,174,0,1206
2020-03-03,0,1,0,0,1,0,0,0,5,1,990,0,0,0,1,0,0,0,1,0,0,21,3,0,49,0,0,0,414,1,13,0,0,0,0,0,0,0,0,0,0,0,2,9,0,0,0,0,0,0,0,0,1,0,0,0,0,0,0,0,0,0,0,0,0,0,0,1,576,0,0,0,0,0,0,0,0,0,0,0,4,0,0,9,0,0,0,0,5,0,0,0,0,0,0,0,0,6,0,0,706,45,0,0,1,0,0,0,0,7,2,0,0,0,0,2,0,0,0,0,0,0,0,0,6,0,0,0,204,0,0,0,0,296,2,0,0,91,3,0,196,0,0,2,0,0,0,7,0,0,0,0,1350,252,0,0,146,0,0,0,168,0,0,0,0,0,1272,318,480,0,2,0,0,100,0,0,1018,67217,0,1,0,11,0,0,5,0,2,75,0,2336,32,2,0,12,2502,0,0,293,0,0,0,0,631,935,93,0,0,0,1,0,0,0,0,0,0,21,0,0,0,0,5186,0,56,0,0,0,0,1,13,0,125,0,0,0,1,1,0,0,1,10,0,0,36,0,0,0,0,1,0,0,0,0,0,0,0,0,0,0,5,0,0,0,0,0,0,0,0,1,0,0,0,0,0,0,0,0,0,1,0,0,0,0,0,0,1,24,0,0,0,0,0,0,0,13,1,0,1,0,0,1,74,0,1,0,0,0,1,0,32,0,0,0,0,0,0,12,20,1,0,0,5,0,0,0,0,0,0,0,0,3,0,0,0,0,0,1,0,0,0,2,0,0,0,2,0,7,18,1,11,0,0,0,0,0,0,3,3,0,2,0,0,0,2,2,0,0,10,2,11,0,0,0,0,1,2,0,0,245,758,338,133,0,0,538,110,0,0,0,6,0,0,0,1,0,3,0,0,165,0,0,1,0,0,0,0,0,0,1,0,0,0,0,0,21,56,42,0,0,1,0,0,43,0,136,1,0,0,0,0,0,1,0,1,0,27,51,0,0,0,0,0,0,9,16,0,0,0,1,2,0,0,0,0,0,0,0,1,2,0,0,0,0,0,76,0,174,0,1213
2020-03-04,0,1,0,0,1,0,0,0,12,1,990,0,0,0,1,0,0,0,1,0,0,29,3,0,52,0,0,0,418,6,23,0,0,0,0,0,0,0,0,0,0,0,4,12,0,0,0,0,0,0,0,0,1,0,0,0,0,0,0,0,0,0,0,0,0,0,0,1,576,0,0,0,0,0,0,0,0,0,0,1,4,0,0,10,0,0,0,0,8,0,0,0,0,0,0,0,0,10,0,0,706,45,0,0,1,0,0,0,0,10,2,0,0,0,0,2,0,0,0,0,1,0,0,0,6,0,0,0,285,0,0,0,0,296,2,0,0,91,3,0,262,0,1,2,0,0,0,9,0,0,0,0,1350,252,0,0,146,0,0,0,168,0,0,0,0,0,1272,318,480,0,2,0,0,105,0,0,1018,67332,0,1,2,26,0,0,28,0,2,75,0,2922,35,6,0,15,3089,0,0,331,0,0,0,0,631,935,93,0,0,0,1,0,0,0,0,0,0,31,0,0,0,0,5621,0,56,0,0,0,0,1,13,0,125,0,1,0,1,7,0,0,1,10,0,0,50,0,0,0,0,1,0,0,0,0,0,0,0,0,0,0,5,0,0,0,0,0,0,0,0,1,0,0,0,0,0,0,0,0,0,1,0,0,0,0,0,0,1,38,0,0,0,0,0,0,0,22,1,0,3,0,0,1,75,0,1,0,0,0,1,1,56,0,0,0,0,0,0,15,20,3,0,0,5,0,0,0,0,0,0,0,0,3,0,0,0,0,0,2,1,0,0,5,0,0,0,2,0,8,18,1,11,0,0,0,0,0,0,4,3,0,2,3,0,0,2,2,0,0,16,2,11,0,0,0,0,1,4,0,0,245,758,338,133,0,0,538,110,0,0,0,8,0,0,0,1,0,5,0,0,222,0,0,1,0,0,0,0,0,0,1,0,0,0,0,0,35,90,42,0,0,1,0,0,43,0,136,1,0,0,0,1,0,1,0,1,0,27,85,0,0,0,0,0,0,10,16,0,0,0,1,2,0,0,0,0,0,0,0,10,2,0,0,0,0,0,76,0,174,0,1213
2020-03-05,0,1,0,0,1,0,0,0,12,1,990,0,0,0,1,0,0,0,1,0,0,41,6,0,55,0,0,0,418,6,50,0,0,2,0,0,0,0,0,0,0,2,4,13,0,0,0,0,0,0,0,0,1,0,0,0,0,0,0,0,0,0,0,0,0,0,0,4,576,1,0,0,0,0,0,0,0,0,0,1,5,0,0,10,0,0,0,0,12,0,0,0,0,0,0,0,0,10,0,0,706,45,0,0,1,0,0,0,0,13,3,0,0,0,0,3,0,0,0,0,1,0,0,0,12,0,0,1,377,0,0,0,0,296,2,0,0,102,4,0,482,0,1,2,0,0,1,31,0,0,0,0,1351,252,0,0,146,0,0,0,168,0,0,2,0,0,1272,318,481,0,2,0,0,105,0,0,1018,67466,0,1,2,34,0,0,30,0,2,75,0,3513,35,6,0,20,3858,0,0,360,0,0,0,0,631,935,93,0,0,0,1,0,0,0,0,0,0,51,0,0,0,0,6088,0,58,0,0,0,0,1,16,0,125,0,1,0,1,11,0,0,1,10,0,0,50,0,0,0,0,1,0,0,0,0,0,0,0,0,0,0,5,0,0,0,0,0,0,0,0,1,0,0,0,0,0,0,0,0,0,2,0,0,0,1,0,0,1,82,0,0,0,0,0,0,0,22,4,0,3,0,0,1,75,0,1,0,0,0,1,1,87,0,0,0,0,0,0,16,22,3,0,0,5,0,0,0,0,0,0,0,0,3,0,0,0,0,0,2,1,0,0,8,0,0,0,2,0,8,18,2,13,0,0,0,0,0,0,6,4,0,2,3,0,0,2,3,2,0,21,2,20,0,1,0,0,5,4,0,0,245,758,339,133,0,0,539,117,0,0,2,18,0,0,0,1,1,5,0,0,259,0,0,1,0,0,0,0,0,0,1,0,0,0,0,0,94,114,44,0,0,1,0,0,47,0,136,1,0,0,0,1,0,1,0,1,0,29,115,0,0,0,0,0,0,10,16,0,0,0,1,2,0,0,0,0,0,0,0,18,3,0,1,0,0,0,76,0,174,0,1215
2020-03-06,0,1,0,0,1,0,0,1,17,1,990,0,0,0,2,0,0,0,1,0,0,55,6,0,60,0,0,0,422,6,109,0,0,2,0,0,0,1,0,0,0,2,13,21,0,0,0,0,0,0,0,0,1,0,0,1,0,0,0,0,0,0,0,0,0,1,0,4,576,1,0,0,0,0,1,0,0,0,0,3,5,1,0,11,0,0,0,0,18,0,0,0,0,0,0,1,0,23,2,0,696,45,0,0,2,0,1,0,0,13,15,0,0,0,0,10,0,0,0,0,1,1,0,0,15,0,0,1,653,0,0,0,0,296,2,0,0,119,4,0,670,0,1,2,0,0,1,45,0,0,0,0,1352,252,0,0,146,0,0,0,168,0,0,3,0,0,1272,318,481,0,2,1,0,107,0,0,1018,67592,0,1,2,43,0,0,31,0,4,75,0,4747,40,18,0,37,4636,0,0,420,0,0,0,0,631,935,93,0,0,0,1,0,0,0,0,0,0,58,0,0,0,0,6593,0,58,0,0,0,0,1,22,0,125,0,1,0,1,13,0,0,2,10,0,0,83,0,0,0,0,2,0,1,0,0,0,0,0,0,0,0,6,0,1,0,0,0,0,0,0,1,0,0,0,0,0,3,0,0,0,2,0,0,0,1,0,0,1,128,0,0,0,0,0,0,0,26,11,0,4,0,0,1,75,0,2,0,0,0,3,0,108,0,0,0,0,0,0,16,25,3,0,0,6,0,0,0,0,0,0,1,0,5,0,0,0,0,0,5,5,1,0,13,0,0,0,2,0,8,18,2,13,1,0,0,0,0,0,9,13,0,2,3,0,0,2,3,2,0,21,2,20,0,1,0,0,5,4,1,0,245,758,342,133,0,0,539,130,0,1,7,19,0,0,0,1,1,7,0,0,400,0,0,1,0,0,0,0,0,0,3,0,0,1,0,0,101,214,45,0,0,1,0,0,48,0,136,1,1,0,0,1,0,1,0,1,0,29,163,0,0,0,0,0,0,10,16,0,0,0,1,2,0,0,1,1,0,0,0,19,3,0,1,0,0,0,76,1,174,0,1215
2020-03-07,0,1,0,0,2,0,0,2,17,1,990,0,0,0,8,0,0,0,1,0,0,79,9,0,85,0,0,0,426,6,169,0,0,4,0,0,0,1,0,0,0,3,13,21,2,0,0,0,0,0,0,0,1,0,0,1,0,0,0,0,0,0,1,0,0,1,0,4,576,1,1,1,0,0,1,0,0,0,0,3,6,1,0,12,0,0,0,0,19,0,0,0,1,0,0,1,0,23,2,0,696,45,0,0,2,3,1,0,0,13,15,1,0,0,0,10,0,0,0,0,1,1,0,0,15,0,0,3,949,5,0,0,0,296,3,0,0,120,4,0,799,0,1,2,0,21,1,46,0,0,0,0,1352,252,0,0,146,0,0,0,168,0,0,5,0,0,1272,318,481,0,2,1,0,108,1,0,1018,67666,0,1,4,50,0,0,34,0,4,75,0,5823,54,18,0,43,5883,1,0,461,0,1,0,0,631,935,93,0,0,0,1,0,0,0,0,0,1,71,0,0,1,0,7041,0,61,0,0,0,0,1,22,2,125,0,1,0,1,14,0,0,2,10,1,0,93,0,3,0,0,2,0,1,0,2,0,0,0,0,0,0,6,0,1,0,0,0,0,0,0,1,0,0,0,0,0,3,0,0,0,2,0,0,0,4,0,0,1,188,0,0,0,0,0,0,0,28,11,0,5,0,0,1,75,0,2,0,0,0,3,0,147,0,0,0,0,0,0,16,28,3,0,0,6,0,0,0,0,0,0,1,0,6,1,0,0,2,0,5,5,1,0,20,0,0,0,3,0,8,18,3,13,1,0,0,0,0,2,9,13,0,2,3,0,0,2,3,9,0,23,2,32,0,1,2,0,5,4,1,0,245,758,342,133,0,0,539,138,0,1,7,27,0,0,0,1,1,7,0,0,500,0,0,1,0,0,0,0,0,0,3,0,0,1,0,0,161,268,45,0,0,1,0,0,50,0,136,1,1,0,1,1,0,1,0,1,0,45,206,0,0,0,0,0,0,11,18,0,0,0,1,3,0,0,1,1,0,0,0,57,3,0,1,0,0,0,76,1,174,0,1215
2020-03-08,0,4,0,0,2,0,0,4,19,1,990,0,0,0,12,0,0,0,1,0,0,104,9,0,85,3,0,0,428,6,200,0,1,4,1,0,0,1,0,0,0,3,20,27,2,0,0,4,0,0,0,0,2,0,0,2,0,0,0,0,0,0,1,0,0,1,0,8,576,2,1,1,0,0,1,0,0,0,0,9,7,5,0,12,0,0,0,0,31,0,0,1,1,0,0,1,0,35,2,0,696,45,0,0,5,3,1,1,0,14,49,1,0,0,0,10,0,0,2,0,2,1,0,0,23,0,0,6,1126,5,0,1,0,296,3,0,0,124,13,0,1040,0,1,3,0,21,1,73,0,0,0,0,1352,252,0,0,146,0,0,0,168,0,1,5,0,0,1272,318,481,1,2,1,0,114,1,0,1018,67707,1,1,7,50,0,0,39,0,6,75,0,6566,60,19,0,61,7375,2,0,502,0,1,0,0,631,935,93,0,1,0,1,0,0,0,0,0,1,83,0,1,1,0,7314,0,64,0,0,0,0,2,32,2,125,0,1,0,1,14,0,0,3,10,1,0,99,4,3,1,0,2,0,1,1,2,0,0,0,0,0,0,7,0,7,0,0,0,0,0,1,1,0,0,0,0,0,4,4,0,0,2,0,0,0,5,0,0,1,265,0,0,0,0,0,0,0,38,12,0,5,0,0,1,75,0,6,0,0,0,3,0,176,0,0,0,1,0,0,16,29,3,0,0,6,0,1,0,0,0,0,6,0,10,4,0,0,2,0,5,11,1,0,30,0,0,0,3,0,15,18,4,15,1,0,0,1,1,2,15,17,0,2,3,0,0,2,3,9,0,36,2,38,0,1,2,0,11,4,1,0,245,758,342,133,0,1,539,150,0,3,16,31,0,0,0,1,3,7,0,0,673,0,0,1,0,0,1,0,0,0,8,1,0,1,0,0,203,337,45,0,0,2,0,0,50,0,136,1,1,0,1,2,0,1,1,1,0,45,273,0,0,0,0,0,0,11,30,0,0,1,1,8,2,0,2,1,0,0,0,83,3,0,1,0,0,0,76,1,174,0,1215
2020-03-09,0,4,0,0,2,0,2,7,20,1,990,0,0,0,12,0,0,0,1,0,0,131,9,0,95,3,0,0,428,6,239,0,1,4,1,0,0,1,0,0,0,3,25,32,3,1,0,4,0,0,0,0,2,0,0,2,1,0,0,0,0,0,1,1,0,1,1,8,576,2,1,3,0,1,1,0,0,0,0,9,7,9,0,12,0,0,0,2,31,0,0,1,1,0,0,1,0,90,2,0,696,45,0,0,5,3,3,1,0,15,55,1,0,0,0,10,0,0,2,0,2,1,0,0,30,0,0,6,1209,5,0,1,0,296,5,0,0,124,15,0,1176,0,1,3,0,21,1,73,0,0,0,0,1352,252,0,0,146,0,0,0,168,0,1,6,2,0,1272,318,481,2,2,1,0,115,1,0,1018,67743,1,1,9,58,0,0,43,0,19,75,0,7161,60,21,0,61,9172,2,0,511,1,1,1,0,631,935,93,3,1,0,1,0,0,0,0,0,1,83,0,1,1,0,7478,0,64,0,0,0,0,6,32,2,125,0,1,0,1,14,0,0,3,10,1,0,117,4,3,2,0,2,0,1,1,2,0,0,0,0,0,0,7,0,7,0,0,0,0,0,1,1,0,0,0,0,0,4,5,0,0,2,0,0,0,17,0,0,1,321,0,0,0,0,0,0,0,48,19,0,5,0,0,2,75,0,6,0,0,0,3,0,205,0,0,0,1,0,0,16,34,4,0,0,6,0,1,0,0,0,0,7,0,20,4,0,0,2,0,7,16,1,0,30,0,0,0,3,0,18,18,4,15,1,0,0,1,1,4,15,17,0,2,1,0,0,2,3,9,0,36,2,38,0,1,2,0,15,4,1,0,245,758,342,133,1,1,539,150,0,3,16,31,0,0,0,3,3,7,0,0,1073,1,0,1,2,0,1,0,0,0,8,1,0,1,0,0,248,374,45,0,0,2,0,0,50,0,136,1,1,0,1,2,0,1,1,1,0,45,321,0,0,0,0,0,0,15,30,0,0,1,1,8,2,0,2,1,0,0,0,98,4,0,1,0,0,0,76,1,174,0,1215
